x1,x2,x3,class
2.595463744,2.162699762,1.987630863,1
4.156758415,5.637664485,9.616177802,0
7.608149277,1.747322772,2.570211128,0
0.362579866,3.010135172,4.650798786,1
5.840955928,6.141437627,7.172207444,0
2.93305302,7.626981157,6.695217156,0
7.368985574,2.92058917,5.219511229,0
1.123040521,1.494228627,6.93261946,1
8.989975127,2.658992199,6.075655205,1
4.148449244,4.03329985,3.151092221,0
8.124655433,4.354278906,5.486410262,1
9.209881332,2.357827157,8.333775724,1
9.783871355,9.513843908,7.574289442,0
4.263518606,4.129496371,7.897125609,0
1.890141484,5.192783403,0.439074458,1
2.445911355,3.408689354,8.851418071,1
5.640909923,1.489622971,1.700471708,1
2.750171469,1.547271655,7.868193426,1
1.197244978,0.256195369,8.207986651,1
7.697285537,7.154525685,6.710017715,0
8.066783581,5.994815819,7.199428166,0
4.307190317,3.029373339,3.588835507,1
0.654182113,6.835801202,6.51687139,1
7.20200041,2.959299681,5.39543233,0
4.25815747,1.477785842,5.448028585,1
7.40312828,8.236103555,8.886278881,0
9.364098845,6.928021885,2.216198947,0
4.403518359,9.0670741,9.848004361,0
6.864472898,8.1015993,7.919996971,0
1.636321992,2.431550622,2.371932716,1
9.851269943,1.435379632,8.976634055,0
6.803597254,0.241900773,7.820765502,1
4.125710375,0.714862117,2.774125886,1
1.563147624,3.786087094,5.274616886,1
2.136822489,7.846933742,6.849551968,0
7.924681668,0.411935042,7.727321408,0
2.681387495,6.019853757,3.097017759,0
6.220731075,5.913155805,5.216430925,0
5.790711791,2.693765285,7.582130889,0
1.068012958,1.068532072,6.166752616,1
7.111225176,1.455721445,8.753584639,0
7.739746015,4.158881309,6.486610117,0
4.282054124,6.166823066,6.482601209,0
0.305290974,0.375926495,4.087380998,1
7.360681235,1.363683572,4.849627535,0
6.433217848,2.745756213,8.185036902,0
8.696968885,5.044690966,6.023248136,0
9.953792851,8.312855009,2.662313787,0
2.156820127,4.243733043,9.815481165,1
8.675828969,7.429574825,7.96762484,0
2.802960958,9.992840816,1.802928679,0
4.645760355,8.125720183,4.811189257,0
1.566219515,3.955122402,5.370383107,0
4.524814768,0.319110251,6.09504663,1
3.671500875,9.923360854,9.440221112,0
6.375956353,0.380617421,0.156965506,1
7.189409261,9.301618198,3.305596445,0
5.75079931,0.713293985,7.373493141,1
2.685578235,7.177116648,8.575871859,0
4.934439553,3.244123949,2.654574107,0
5.148464346,5.181609152,0.696754014,0
1.82985262,3.095849455,6.450772344,1
7.269824866,9.0632825,2.610703246,0
8.620942041,8.385055333,1.741691941,0
5.253794388,9.627954499,8.25440461,1
4.220058592,7.308706601,0.920796306,1
0.476619944,2.997741517,2.932706118,1
7.578453442,0.104526497,8.667993417,0
7.58483745,2.801869076,9.269470032,0
5.035580957,6.553850022,7.474337803,0
7.562988388,8.222227236,2.606956757,0
7.018967401,5.392117529,8.099526496,0
3.350094845,3.394747245,1.925965349,0
7.48577803,9.939305865,6.036171146,1
5.521298117,6.782076296,8.884571073,0
7.490036922,1.765882683,4.847103964,0
1.103361154,8.223163375,1.800771486,0
7.518503371,1.334874858,1.919253649,0
2.702749284,5.813989265,1.301843522,0
7.020961918,4.980266267,3.308277108,0
2.812943266,8.029083495,5.742277537,0
8.531857039,3.481250918,1.478535757,0
8.058226269,1.953461431,7.057979695,0
8.203746536,1.107998549,3.767024229,0
8.954119322,0.519131282,0.501587463,0
0.715347787,7.54388497,0.607559398,0
1.610229986,6.181959946,5.141900222,1
4.900499679,9.920620499,2.527186331,1
9.261433583,8.652493195,8.248934653,0
6.197050196,3.343249551,6.167106014,0
9.009313849,2.584584806,5.320647977,0
8.595783537,1.303390174,2.708165772,0
1.965923143,9.444461751,6.172129367,0
2.880135124,7.920321514,7.59086169,0
8.530276686,7.960607556,3.240074011,0
6.842529889,2.599309972,9.936505143,0
4.117625862,1.316864724,5.041719709,1
2.39372029,0.840236419,4.075145541,1
0.49980129,0.661738572,1.047783367,0
9.755222023,8.148759589,1.08119199,0
5.119785013,3.521881442,0.510909475,0
5.894004153,7.128058478,6.775583598,0
6.011028874,6.427842407,9.953546557,0
3.142546308,5.06056455,1.917716909,0
6.902176473,8.388411777,4.705328304,0
5.691003282,3.456500007,8.399835954,0
2.657631919,2.716348523,9.372118698,1
6.66862894,4.718085811,8.434023456,0
9.509307097,3.018274545,4.587573094,0
2.487358003,0.456212772,2.578901949,1
1.068423474,5.100205769,1.234128305,1
7.553994186,9.89017334,3.505646589,0
6.935744419,8.059213397,1.648044061,0
3.535097893,0.309676084,3.442095762,1
5.568768853,2.992172939,8.243704493,0
9.458082742,9.943874791,0.907591437,0
1.182252545,3.015510298,7.43990885,1
5.482995941,0.616405148,5.828232256,1
4.228901121,4.151182544,0.877035915,0
9.760217242,7.206808384,0.178405013,0
1.303567036,4.445130749,7.74235281,1
3.608153706,7.790814139,5.698929874,0
5.273817557,6.275493922,3.739079003,0
8.574119452,8.540406509,7.445592154,0
6.122884825,4.965131656,4.671261669,0
5.502185207,9.074185165,9.685776358,0
7.489341806,4.939145652,9.462721608,0
8.544501894,7.666368729,3.520555552,0
2.484763991,4.980421534,4.833156627,1
7.700811094,1.779022135,3.889662101,1
3.30798207,9.805182569,8.811280678,0
3.982565548,4.889517234,2.062029805,0
0.505383332,5.482970624,0.367770013,1
0.007510387,5.87278235,8.708725396,0
8.765322959,6.350046066,5.915680098,0
3.066672153,9.900481134,4.73848407,0
1.56653958,7.098486454,6.348737746,0
1.783268902,5.597152112,1.744165897,1
8.94379676,9.141246013,8.290364525,0
8.661076163,2.542267845,9.725774415,0
8.468150412,7.818464434,7.252474066,0
3.941317274,9.790214413,1.80901689,0
5.846911962,4.635646097,8.79358803,0
3.402068817,3.831117366,7.516926346,1
4.584224241,3.779538132,0.957263904,0
1.015421656,4.569356267,7.761172076,1
6.569665119,2.794403848,5.953457097,0
8.313120626,5.270942686,8.041386457,0
3.339765046,1.945782171,1.639975547,0
8.359748895,3.207170876,9.738440739,0
0.412929,7.48898006,1.386441959,1
7.696952534,3.884107894,7.936900485,0
7.094332817,5.555864714,6.260623529,0
3.779865214,4.169535412,1.12055606,1
0.042838621,2.831364318,8.942232623,0
5.897122439,7.752744636,1.818341266,0
6.545831754,8.726927296,9.266244156,0
8.759084719,5.084295832,4.982632376,0
9.542496706,8.973418844,0.059733817,0
1.736976392,0.958418734,4.743654335,1
6.889620245,5.073694969,0.871563355,1
7.199944539,2.768591702,2.45237515,1
3.211308621,0.375238515,7.330728711,1
4.489101173,9.575893544,6.963761128,0
1.510600882,7.724534496,4.766558989,0
3.891961902,5.071108189,5.46679537,0
3.87329487,1.742183738,2.099763638,0
6.277226689,0.756586761,2.551854193,1
2.349369587,5.27198237,8.252129514,1
5.05574186,4.554080673,7.739561766,0
9.652192812,6.298874469,3.359428009,0
1.837869722,1.831806785,2.28770379,1
6.240093247,6.069049646,6.24984468,0
9.060218543,2.519582553,6.933522739,0
1.486895006,4.90911999,4.580689028,1
4.140142082,2.448655544,0.359370087,1
0.41825146,9.760856669,3.486613061,0
6.733266684,9.525370063,0.772661132,1
4.562184356,7.325832122,9.110540678,1
3.807637356,6.919746965,0.948217994,0
4.960726307,1.406326666,3.647458952,1
3.604383095,0.759647465,2.61102204,1
9.514088004,9.971556196,2.76667255,0
1.204445714,0.97463135,3.96776304,1
9.857339624,1.045721621,2.14531017,0
0.466911107,7.647252932,5.784313621,0
0.188658928,4.93259986,5.176494618,1
9.987405124,8.418995961,5.072607208,0
7.529748523,1.773517405,9.827703303,0
7.761064363,3.52637982,4.689483401,0
1.33745419,7.250865756,2.86586374,0
0.917579058,3.65719959,9.470443354,1
5.522865441,2.174768747,0.517137187,1
0.481608808,1.993371804,9.017758843,1
6.005927706,6.329272016,1.893734685,0
9.952222106,2.886571571,1.13266395,0
6.881435682,4.693101864,3.066677421,0
0.858333898,1.810478436,2.821990446,1
7.557917629,8.422305904,7.579548423,0
4.491118956,9.39253469,6.196461119,0
6.030290497,5.596240291,2.789163817,0
9.85384611,6.735918108,5.565005297,0
0.921603638,3.182594273,8.371626166,1
9.107323436,5.136733337,9.971368326,0
4.52423141,4.589944785,9.961001329,0
9.271007692,2.679813566,0.56230638,1
3.199320277,2.637709271,7.056018505,1
6.735844502,4.842121347,6.587016195,0
2.535415091,2.424881089,6.870443191,1
1.329292328,7.093221449,4.641118231,0
0.585368555,1.017848806,8.406396092,1
3.9585088,8.628198485,9.650592821,0
6.04191896,9.79937861,1.810594159,0
6.641582992,9.09983781,1.620397989,0
0.594690199,2.565712219,9.972968976,1
7.065213485,9.574907845,7.28321774,0
8.388296127,3.56953546,8.521021479,0
3.277289713,8.375539838,8.29001884,0
9.64488037,4.483384719,3.434595664,0
8.558914437,9.211956055,2.733686143,0
5.87227804,3.75590022,8.8093316,0
5.194321402,5.543760233,7.382523064,0
3.833333854,9.285047878,0.568483968,0
5.332905355,6.576764999,2.522321562,0
6.99513661,1.349921551,9.692823504,0
8.092362931,7.209613952,7.731889,0
1.572156634,2.263570675,2.640869473,1
6.867665558,9.456715022,6.51150177,0
7.980980714,3.324861838,5.581382181,0
9.805633431,3.239194922,4.246600928,0
1.440605988,0.304681611,4.391374846,1
4.949529313,1.440651058,0.747309575,1
6.733399429,0.829059267,4.304331154,1
5.906327366,8.154328639,5.774831497,1
2.68573952,8.761099616,4.872598825,0
4.107678179,3.62067005,0.713834892,1
6.975184275,5.398038882,6.253130476,0
3.954856423,2.758199388,0.38945748,0
4.942369377,1.122920845,0.318892331,1
5.427097911,1.641857204,6.792875379,1
9.022975373,6.754408327,7.157449733,0
2.332149531,6.153813816,8.718756716,0
8.187694993,3.465795253,9.688445054,0
9.527807051,4.706315045,2.833323941,0
2.041323157,9.947992526,1.347868296,0
2.708253143,9.867390111,9.751545469,0
8.516392818,1.607132981,5.766275836,0
3.147536398,4.068236275,6.261725193,1
8.297791588,4.724460176,1.036659634,0
0.350530553,4.673827708,3.775194433,0
4.592566398,5.707864946,9.054906553,0
6.955145394,8.596183134,5.227826015,0
4.236953359,3.232211959,5.666922093,1
2.499378787,8.512339285,1.79738557,0
6.17547835,1.486145803,7.551205184,1
7.278377024,3.054019766,5.641387049,0
7.733852505,6.2787223,5.444981683,0
5.476010752,2.014866136,0.113595416,1
4.181245062,6.12102339,6.683979507,0
3.61289871,4.391498855,1.023527948,0
6.23208548,7.424767166,0.751603669,1
6.551919765,8.517280829,0.328288241,0
1.655780118,3.529807731,8.354998335,1
8.866893961,3.878864161,6.438197995,0
2.171777091,1.136083707,9.591360719,1
6.001907696,6.848750931,3.696167244,1
0.753447061,1.716860398,3.399235173,1
3.760394499,2.947646429,0.948848404,1
9.378212046,5.533769754,9.266026588,1
4.554709218,3.912497641,6.752597998,0
4.281303045,8.790479177,3.409270078,0
6.095008311,1.189896,8.0818825,1
5.980244816,4.097610019,4.74126685,1
2.937527737,1.573176243,2.27714764,0
7.178531563,2.471748176,7.152105107,0
4.157836298,6.223550839,3.606054909,0
0.636335361,1.562849537,0.858572912,1
6.970513795,9.529251062,8.88794655,0
6.328242221,1.780121588,4.687390005,0
0.204640903,1.891575211,9.273415637,1
2.365029463,9.067627959,5.287454574,0
6.14418255,4.130090475,3.731824841,0
9.887974598,1.911792303,7.825479168,0
9.728160993,2.382379895,9.46622286,0
4.247559379,7.393933252,7.931739628,0
4.388557961,2.141002052,8.894423612,0
2.955649953,9.551454882,6.951662284,0
0.944958023,2.546014515,6.521824904,1
5.449313912,9.825196176,5.36491515,0
9.845909803,8.793442006,2.507212712,0
7.768114537,2.766136626,8.34107857,0
7.555835316,7.971907937,4.221123597,0
4.605033052,8.142870725,3.246659461,0
5.065366683,9.079462902,1.518429056,0
2.339473374,8.081271277,8.278480002,0
3.494697703,3.539410284,2.66166645,1
0.73752413,5.337753889,4.194214584,1
2.930413798,1.70717947,8.322841284,0
7.341379683,1.803132568,0.678221886,0
2.265504247,1.630482561,5.082499553,1
7.199335432,6.78654862,2.807265272,0
7.107623835,6.086954144,2.089918141,0
2.753843057,7.605928117,9.933305606,0
7.437323566,4.068013721,4.076024903,0
7.459213668,9.050707915,9.115703498,0
3.671115471,6.138311277,6.468317477,0
5.787499417,1.145045517,7.605290484,1
9.195816644,4.228535602,0.561416783,0
5.935469542,4.359643179,8.16893214,0
6.487798376,8.781120758,1.500236452,1
8.924984376,4.384830487,5.533486868,1
2.418335172,2.582996065,9.717626689,1
4.480365832,3.786109678,5.496416359,0
2.991280486,9.478926609,4.651498533,0
8.102447683,6.251967923,2.690243153,0
8.656491738,7.518627227,2.55126659,0
9.366486811,0.380239047,6.440947278,0
5.574626809,0.523159099,0.058777438,1
0.034900293,4.869052269,1.075599364,1
4.338442154,9.953660011,7.008239653,0
6.855481051,9.792674453,5.96906885,0
5.249445306,6.915623385,0.450538867,0
4.118433248,9.246201423,9.057441826,0
0.240091087,0.047839191,1.941961629,1
5.174370222,9.603219943,5.336333044,0
2.042438294,0.899753367,8.591086559,1
3.101765334,4.550615528,3.70837279,0
8.149046173,3.895735255,2.12921174,0
9.486473164,8.766217312,5.133493104,0
5.363289462,4.979079944,1.657404867,0
0.469429961,2.384919142,4.404159456,1
8.427752186,1.067486316,5.896380833,0
6.543873935,9.499184179,3.601090977,0
2.24938632,3.336319861,8.110623216,1
5.890819456,5.851143116,6.189811233,0
8.971161325,7.88863814,6.428446955,0
5.505794839,4.524379971,6.048962213,0
1.876632499,2.52104099,1.256836628,1
2.419394421,2.98587404,6.382218039,1
8.392994111,9.708430803,8.612188792,0
6.029334786,6.210207225,2.558423758,1
0.597708455,2.208010191,6.981357913,0
0.263363775,8.608900812,0.128142189,0
0.168908368,0.962349814,3.350794226,0
2.519896748,0.019235711,1.027192306,1
4.655743886,6.173978485,6.755972572,0
5.70550835,5.910773087,1.815756285,0
6.719317989,2.535236856,0.674431549,0
2.021560371,5.857678327,0.372121581,1
9.280123368,2.204863923,6.081856052,0
6.116244361,9.749136078,8.378695332,0
9.810438736,0.43209163,5.685164746,0
4.931461267,3.99437585,0.878494773,0
0.201588296,1.911922096,9.100174951,1
1.274072581,4.780086548,7.343253062,1
8.766131796,4.293642938,9.980568252,1
7.044501041,6.157988842,9.721683419,1
0.103236424,5.998186296,0.300878855,0
1.999476735,8.974284988,8.566132773,0
9.297621216,4.051231383,9.256683251,0
8.288795041,6.369369133,5.687525135,0
5.294582761,0.210569953,0.120779506,1
8.255286131,7.278360121,2.888013574,0
7.586897391,3.032546421,4.751669078,0
4.069404625,7.736095404,8.306228859,0
3.767928479,6.938860605,8.663268113,0
3.319541695,3.33226082,8.246782879,1
2.470770334,7.548716743,8.06040182,0
1.225907861,1.754372579,1.806369769,1
5.02898259,1.75128471,1.480410614,1
6.314489334,6.713015731,0.640761197,0
9.47224256,9.007448788,4.267813992,1
2.508067885,3.847966918,2.996370937,1
0.569899277,9.094066822,4.943528642,0
8.294076251,8.236129954,9.145551026,0
7.55307777,0.890049613,3.290518359,0
2.680465422,6.96417996,7.324655311,0
8.888295423,4.062619952,1.103815008,0
3.505797473,2.55025513,8.168900827,0
7.282886977,7.346271262,9.843334948,0
7.432406088,5.773458342,3.247649895,0
9.740458659,3.157760352,4.477682429,0
6.3592785,6.587420615,7.171125872,0
9.47828379,8.338367975,3.225154873,0
3.167291535,8.083432708,9.505891968,0
1.377185952,7.456502726,2.426540477,0
8.794813674,5.978366853,5.654135416,0
2.587297649,1.963480713,5.457354805,1
2.990572719,2.527938689,8.999131863,1
8.946370258,4.415578686,7.511544375,0
8.601526223,7.702303287,6.433849211,0
7.762787851,0.452756744,8.637255703,0
4.947590281,2.397421235,7.18721612,1
8.993227866,4.604138946,9.361860739,0
0.924914352,5.697117311,3.502380609,1
2.122658067,8.738147639,9.461237312,0
9.470474706,1.6453613,1.206599062,0
2.206134588,8.561059303,0.276688444,0
4.406847863,1.766131166,7.287454726,1
1.579200742,1.443761754,1.29745378,1
7.789238602,0.225584288,7.576567145,1
3.0935096,3.471052637,1.321217388,1
6.166692415,5.199481228,6.218407519,1
0.908535297,4.838423996,0.275333818,1
4.057873333,4.487273052,1.621911747,0
7.962272327,9.589795073,3.490677589,0
0.631613219,5.186692954,0.624768252,1
6.577047811,5.299822677,1.671776636,0
3.525088953,2.011874793,0.735613866,1
8.385857003,9.61489718,0.018471828,0
3.54998688,6.534414983,6.602817695,0
1.88428943,7.7197631,7.906673121,0
2.581499874,5.023536882,8.26899206,1
2.843071582,3.919279801,3.360194301,1
3.145264176,1.75274649,5.836547175,1
0.844023773,1.27074902,2.139398431,1
9.024895609,5.613046947,7.84734047,0
9.697952923,5.708922245,9.43864287,1
0.314031872,6.220280327,1.486364391,1
6.793785284,3.878539426,3.24897676,1
8.627048386,8.355472232,1.206056462,1
5.194606676,8.34543576,2.637869237,1
7.570260279,9.639470964,1.357609341,0
3.924376842,3.418235297,2.602123713,1
2.201027938,8.408644845,3.414297027,0
2.142725524,5.820639562,6.614406655,1
4.23035952,8.474116018,6.406682563,0
9.084533948,1.321172641,7.349772639,0
1.84509637,2.804717762,7.246407826,1
9.831960092,1.793332868,4.435366238,0
2.022227947,2.413935163,9.370503889,1
5.11376363,4.385880393,5.844609404,0
8.864454686,9.922745425,3.396090061,0
2.496390488,9.164256797,4.279274125,0
9.548278133,5.752809689,0.457222597,0
1.974583629,4.499090621,7.682255881,1
9.359489544,1.660079805,5.757037095,0
9.585591712,2.209469708,1.315267918,0
1.545485117,0.322605543,0.422306519,1
1.36534789,1.194895762,7.184546606,0
2.865645752,5.620201182,8.109077699,0
7.028743047,1.398734593,9.085709436,0
4.023990264,1.721656263,0.499431369,1
1.381576268,0.573797059,7.374189056,1
1.275314905,6.980956109,2.083216404,0
9.229301128,3.079646648,7.322997866,0
2.204510922,2.615031782,4.34040485,1
7.046129406,2.150167519,8.908470751,0
5.784309505,9.816914611,4.03166,0
0.157532729,9.242200476,9.764145305,1
1.442441839,8.334572657,5.951333292,0
3.92377995,7.556154409,1.105725402,0
1.959745182,8.770699807,9.15607479,0
4.529650348,7.809334127,7.583733477,0
2.226472263,8.297366025,0.544997086,0
2.240168336,2.806500857,4.758182792,1
6.791998484,6.330384296,2.817444955,0
0.485741538,2.580912417,9.254116559,1
3.367201113,1.395396951,6.306727672,1
4.981858839,8.948923816,9.494069232,0
3.793829272,1.310554522,3.069226004,1
4.985084694,0.63004864,9.820963299,1
5.066734311,2.510942598,2.080528644,1
0.010413647,4.385692455,3.998875213,1
0.802329055,1.78692075,1.461958776,1
8.008213038,0.773518772,8.841125044,1
6.107605414,4.906042906,4.360645041,0
8.707544718,8.90994385,6.671825103,0
8.755878762,3.598592508,3.890295721,0
0.761673855,2.512197147,4.40145022,1
6.692130905,5.530885284,0.937648753,0
1.659219393,7.30693247,3.497055174,0
0.516355233,3.238013648,2.645305565,0
0.803072559,9.088875517,3.959719284,0
5.997851733,7.015135991,7.763841748,0
7.310253105,6.109009652,8.697065938,0
2.669346087,7.761193159,4.791283676,0
3.174110113,5.048687317,5.271413917,0
1.465536802,5.150200986,2.237151088,1
2.174128095,4.225290732,8.693549768,1
2.275661343,1.383317805,7.677432121,1
3.022414833,5.249344653,5.927111536,1
5.662590355,4.413149811,3.657561261,1
6.925234396,4.84027631,8.466912669,0
3.489527336,2.761235093,0.203116991,1
5.298586973,9.535933998,4.521064684,0
7.735399657,1.47330007,1.393257847,0
6.050935224,8.348104642,8.848958571,0
2.17612808,3.86714149,1.309839901,1
0.30819449,8.89135312,4.092257699,0
3.259275167,1.45468092,8.534588629,1
4.523546777,7.866165597,5.725602892,0
9.966173984,9.90797103,8.296752905,0
6.693268555,6.70375097,9.651548,1
2.734871776,1.288983404,1.219283169,1
7.164684025,6.475077248,3.846922065,0
5.782531023,2.350445447,5.838005439,0
9.090240138,7.361668264,1.057292461,0
6.072053892,5.754545231,7.501983196,0
9.00170475,7.855624533,2.201808246,0
5.663822514,6.514176952,7.845116428,0
1.855662357,6.573280799,8.303996594,0
4.312988406,9.972401261,1.066056653,1
1.320753302,3.231446785,8.152143338,1
9.106967082,1.636978162,8.875797524,0
6.821909219,0.083709919,4.228387506,1
8.308244072,7.378297057,4.368670058,0
4.230207399,6.980138469,4.053171263,0
3.64799065,9.029446331,0.305683427,1
4.724743061,3.814871964,7.970831353,0
7.515330211,0.171271525,4.170920627,1
2.924011065,8.825939837,1.668404649,0
4.412986031,2.049079981,6.127768124,1
5.065636544,1.729768454,0.169259721,1
0.918658909,4.262413156,3.272879785,1
0.249522439,2.673148248,5.1022101,1
7.381119112,2.084069778,9.762563512,1
9.668370235,5.177344053,8.809211674,0
1.046682067,1.577845337,8.132324112,1
8.20760914,9.042631918,9.801337278,0
7.356836155,3.601151184,9.019050437,0
5.954822002,4.420154684,2.452422723,0
6.249623135,9.662074745,3.349337293,0
9.609221067,4.273366177,0.842494283,0
3.920638805,6.706978374,1.347876586,0
6.526131458,5.25031593,5.46602254,0
5.637723614,0.196886347,5.734081342,1
0.973321383,1.102570542,0.458560682,1
0.585918726,6.421074536,3.486290607,1
1.289241975,3.758710653,6.41059695,1
3.710682691,4.727982218,5.626634352,0
3.226799858,2.514674595,8.732470972,0
0.723565995,8.254904597,3.531322017,0
8.854946282,6.540701033,8.338113257,0
7.139462206,8.771595018,7.947942335,0
3.914973921,1.072150465,1.70298607,1
2.313920213,7.123679087,3.765584126,0
8.946909082,9.707367476,8.169249633,0
2.660265498,8.580727311,3.436191186,0
6.385605587,5.145738763,8.413659199,0
8.403960084,7.405254077,9.113559957,0
8.576863068,5.485457709,4.793431493,0
1.287940522,0.97713248,8.531357661,1
5.812364753,5.347505552,9.96529627,0
3.083336565,3.561674753,1.321016098,1
6.291238459,8.366174507,6.313101524,0
7.101867239,9.551423176,6.640278787,0
6.397890447,5.795354507,8.289887852,0
2.425647678,4.399113232,5.804325896,0
6.928787367,9.734004342,9.769912675,1
3.830686131,3.281760729,2.285390033,1
4.578142546,4.051211392,9.060352043,0
9.506029256,0.82659213,0.074581496,0
3.371499093,3.605863488,5.298583928,1
8.225696369,6.677308641,9.961435519,0
7.553130106,1.404040394,1.193983548,0
1.247854204,7.289403145,1.341557872,0
4.52820634,3.627732094,0.070169492,0
2.718117001,6.740333965,8.933144785,1
5.224076768,7.771204823,3.115833912,0
4.352992769,2.855252163,3.544762326,0
9.874081539,5.468061353,3.94381832,0
9.721587191,7.82107196,2.860987762,0
7.318433026,6.444021679,8.850179036,0
2.982721846,5.424519433,6.318623884,1
1.650183626,8.566664924,5.329484722,0
6.058531348,2.949640072,0.528412271,0
2.001371064,7.578487525,0.439257231,0
5.627691703,1.673483669,7.396384085,1
7.182150085,8.009259328,1.049130885,0
3.765219618,0.335143252,3.555143965,1
8.374819862,1.219136329,5.251160976,0
7.759184575,5.06498304,5.311705687,0
4.547950939,7.539446068,7.013099065,0
2.124842685,0.193276035,0.277205446,1
0.096791033,2.698004033,9.210875835,1
7.294687873,3.242872419,0.363301448,1
2.237037747,2.060986462,3.061315693,1
5.615177095,8.76751966,7.923849279,0
2.820211285,9.408297633,1.004327656,0
3.677017564,4.102767574,5.393616428,1
1.157207778,7.050858749,8.597043453,0
4.258553494,5.367136654,2.762350467,0
8.720240708,3.597264237,0.845346226,0
8.100338156,5.53430489,4.521597289,0
9.859790624,5.116991164,6.083493236,0
4.474799919,9.123271879,1.766393088,0
7.204163129,4.199359119,4.019179465,0
6.078897063,2.961325833,5.294276641,0
7.037955491,1.874143021,8.071883273,0
0.610159812,4.492780412,5.709696027,1
2.607510834,0.477169934,8.399195285,1
8.131870503,5.213479786,3.698248064,0
0.165487605,7.367036552,3.779250443,1
2.676504439,8.063368339,2.453726934,0
6.460329876,9.012980411,8.593886899,0
8.641738146,2.623606274,8.550488449,0
3.289702521,0.281724076,8.925417826,1
6.541114145,2.395291425,6.270357034,0
6.115430713,1.758301828,0.39552264,1
2.366785496,6.313627719,8.251094813,0
3.547096214,8.145184878,5.973959222,0
5.740355865,8.148224951,5.830509503,0
2.653626221,3.376387123,1.611203247,1
5.729956807,6.019074351,5.442474326,0
2.603186008,8.003051788,0.084881039,0
6.062420706,1.147023898,7.034975045,1
5.422151101,3.05923251,6.835754928,0
3.917571168,6.579711142,1.456400456,0
0.358389331,1.854885967,8.948356003,1
5.922742634,9.368677889,1.898813269,0
7.546340097,4.719359121,0.939192493,0
8.825569788,8.034154,5.539704009,0
6.018904382,3.773201567,8.725864199,0
0.99025167,7.374923248,1.234487897,0
6.767178156,2.569944626,1.539443741,0
6.189559301,9.775165258,4.011267071,0
3.974575861,6.42279866,0.418906047,0
2.062992374,2.761375443,1.581494889,1
2.839253367,6.420586118,8.689537697,1
1.142775204,5.308543718,7.321120658,1
1.796617286,6.6916403,0.712659557,0
3.84783217,1.673007472,2.719650071,1
2.630372009,4.996771684,5.407976231,1
3.813620093,5.67620001,8.073568588,0
5.717696118,5.606846073,6.948549063,0
0.137261167,0.155194737,6.280786521,1
2.791223228,4.716592193,3.76519947,1
1.068012044,1.059554626,7.99925445,1
8.931323518,6.641535813,8.636488621,0
7.179999748,6.890796042,6.621201309,0
7.457056374,7.863917889,3.650857014,0
3.661645947,3.138117429,1.564539638,1
1.074862364,8.336546731,5.338717888,0
3.053715727,2.655429288,1.084305223,1
3.373618676,4.422285336,3.377552229,1
4.785603691,1.527120477,9.963472187,1
8.407745916,4.585912581,0.360724196,0
9.304368163,0.313002312,6.108980193,0
4.747856925,0.816128844,7.314651369,0
8.959717394,5.497793128,5.939581976,1
2.262405079,1.193552477,3.992144023,1
6.271080469,0.394557081,7.058359549,1
4.561630547,1.886870489,3.06833905,1
9.538475511,9.481263315,7.600290028,0
2.617879974,2.312489924,3.076817555,1
9.814764121,2.911698738,7.906578211,0
8.576735268,4.230339234,8.274890693,1
8.461030609,7.894883863,7.767687961,0
6.648978887,1.734917584,0.738860377,0
7.028343172,7.471559364,0.297783903,0
7.745918562,4.779467658,1.265137468,0
2.363638026,5.402325506,8.352065233,1
0.142406135,0.683917677,8.86877613,1
9.40425751,1.326274408,7.454233697,0
5.306070786,3.03445702,3.515659402,0
0.218640158,9.378260526,6.009896426,0
6.136512323,8.80079317,4.702994132,0
7.773281009,3.506055093,5.080340418,0
3.079606064,6.924426215,6.903132065,0
7.529208043,6.465457341,9.369816346,0
3.167853668,3.604142923,8.400918026,1
9.70075393,3.217611814,2.278897728,0
8.660939971,1.204723632,3.704061448,0
8.40071224,5.508176256,7.912284662,0
2.027555522,4.736049928,4.859615868,1
2.764979924,6.981106035,3.555637337,1
9.004661456,6.893430552,2.494720671,0
1.297972749,9.503639249,7.354331676,0
7.459768015,4.494949202,7.009386488,0
5.025634278,8.867517598,0.003599073,0
5.317320004,3.513026526,3.546778573,0
8.585470402,0.018087629,9.75187904,0
8.343837889,6.945179128,0.717490296,0
0.405213454,1.714606141,1.260180284,1
4.680770647,1.961794296,8.8950506,1
7.128998843,6.010908449,5.245144843,1
4.527053742,2.308069879,9.667550731,1
5.881433215,3.668873922,4.12406209,0
0.066765725,7.81945723,7.002725605,1
2.900884176,1.696766412,6.056201354,1
9.758406961,9.428030003,4.795925834,0
8.127463227,1.929620994,2.921051333,0
2.968989842,0.562508072,6.505041665,1
7.920259184,6.978714597,0.069326517,0
5.126744004,1.866131701,9.392710212,1
0.503876298,0.682395291,3.917423223,1
6.932430651,5.514694852,1.931411323,0
8.362873096,3.889945578,5.268793316,0
5.92736919,4.806088674,2.710136402,0
2.359027771,0.125005747,9.794706659,1
1.780799748,1.347594664,6.84046897,1
4.321750265,6.022620872,0.272850782,0
8.059632802,5.767016457,9.981896801,0
7.828813641,8.892036629,0.805004212,0
5.421840862,0.012373313,3.631576779,1
6.713293086,3.364666061,6.498656814,0
8.871304216,7.191976064,4.510192447,1
9.92846253,9.543777019,1.547373794,0
7.930958194,2.05369302,1.432421871,0
1.538373453,0.478952865,5.9093593,1
9.665613175,8.100259641,4.763203859,1
1.512757489,8.904567226,3.867992296,0
3.93525776,0.279730783,9.349292281,1
1.482841618,5.100803179,7.101295386,1
6.971529906,9.508481266,4.907786333,0
9.893373816,4.93751211,3.419698428,0
6.201816872,0.156765924,1.71141229,1
7.039704504,9.051207736,4.024446446,0
1.425025934,7.292972064,6.391907793,0
5.89816832,8.024340977,9.166002623,0
0.212433485,8.422524925,9.730555432,0
2.970481189,5.20902252,9.923439483,0
3.508752363,1.57022604,3.303213238,1
5.29737457,7.628918573,5.722573616,0
4.80923039,3.564926,3.25152063,0
4.910631829,9.428464539,9.06350636,0
8.516633484,3.970711603,8.471927234,0
6.625941898,5.488653703,6.181285344,0
8.000079865,0.897625278,7.691122357,0
5.982102106,2.338052561,4.127470401,0
1.176842941,9.887791379,0.112398822,0
6.627805207,3.788204385,6.0685331,0
7.341109793,9.152542455,9.232717089,0
2.022612895,6.194515166,8.446719055,0
5.346435809,9.459350948,2.398931814,0
6.914598861,0.38868466,9.385320555,1
1.766809771,3.952035814,5.057000441,1
5.03862152,6.41522231,6.011572502,0
0.556255894,5.102401498,2.798383602,1
9.51426891,1.74823666,1.545508908,0
5.969749917,1.027207947,0.322513084,1
5.942557559,3.971056345,1.857637357,0
3.669332423,8.626994108,7.82240396,0
9.181437088,3.006909176,2.968287961,0
6.69487077,2.439103623,6.549950939,0
8.785180133,1.367352197,0.879195764,0
0.250924797,6.445700224,5.335166674,0
1.659864097,3.638566069,6.470638189,1
6.500710097,5.587134389,3.360100458,0
0.281393987,5.683616586,0.911759234,1
0.952255218,4.211768144,5.888215877,1
3.623664402,0.121362641,4.015766112,1
8.87635174,6.763710859,8.517616373,0
4.007128889,6.126087289,6.416532235,1
9.961142106,0.489897331,3.394959155,0
2.689149948,2.254910536,7.589639331,1
3.021425613,5.534213176,3.620871182,0
0.129906301,7.923056771,4.453814088,0
9.959856029,7.859326311,8.556971453,0
1.378825061,3.554194601,7.85845093,1
0.038322919,8.482658183,0.299283734,0
8.160011944,1.590575087,3.151198967,0
8.850990995,7.695829595,2.8557221,0
0.870957864,5.790451363,0.136110144,1
8.429716053,0.354623437,4.870049658,1
9.352965101,7.583524043,9.902893437,0
7.300875381,4.010387326,8.127200865,0
7.785588624,4.379141866,9.665531779,0
2.637283803,2.877497857,2.019720224,1
0.950291955,4.930564881,5.190970778,1
1.763104111,7.558743567,6.533839428,0
8.089966979,3.678973006,3.307163205,0
3.99354354,2.70438115,1.840543396,1
0.594407299,9.787354603,3.722826624,0
1.870018678,7.566705136,4.724415145,1
1.556047363,4.05442302,0.601746945,1
8.243538373,1.903628613,7.649877077,0
1.339198214,4.378925291,7.538553128,1
8.245234994,8.566147551,0.248368387,0
3.456056989,4.048958297,6.932708682,1
7.847477948,2.194195319,1.305502778,0
9.418795791,4.106732602,4.334154792,0
0.733835063,9.107425346,6.137593476,0
5.984847428,9.299859027,6.028777168,0
2.145397631,2.063400498,6.769562323,1
4.384992552,7.125124658,7.962532545,0
4.709040782,9.602791898,1.132498903,0
0.442592401,8.813235877,6.902820056,0
7.909958943,5.820053553,0.859212842,0
0.597623519,1.373846733,4.662030006,1
2.335240036,6.505666314,4.262140755,0
0.927810853,4.143654314,6.942289173,1
0.553842495,1.400416653,5.605214799,1
2.177294549,5.323036596,9.655680743,1
1.949027328,3.510659309,0.29834681,1
8.490919379,1.43249219,0.619064836,0
8.768529536,7.841847452,6.897095779,0
1.126041619,0.968013442,8.97328737,1
0.014688613,6.370136995,3.228694916,1
7.452080153,8.992447899,6.944089341,0
8.072254032,9.72012081,3.419747359,0
1.041846143,4.084236657,3.401482434,1
9.256887741,4.007776824,2.489454086,1
1.20001661,7.476401176,7.849215316,0
0.045937228,3.262790516,5.978931549,1
3.743020623,2.318808303,5.129613346,0
5.452122695,7.410256017,8.237616307,0
8.753312855,8.398814898,6.874385384,0
1.738236083,3.329838424,4.456434176,0
4.37008421,0.710298553,7.955363503,1
3.51086241,2.293003502,1.700667632,1
1.758807717,5.363856914,0.552020934,1
4.585975955,0.983125232,7.386177124,1
2.817672593,4.475801793,8.962679229,1
6.399010376,6.794168786,7.644914408,0
5.694216552,5.014022667,4.829883488,0
8.787552504,4.666410731,0.933059866,1
2.116047341,3.814205572,1.426196343,1
2.551063729,6.110151319,9.909378147,0
3.711031438,8.153020173,2.924390367,0
5.200680571,7.997161897,2.240260438,0
1.715639797,1.41172076,6.622857897,1
5.16125453,0.794010001,0.085490517,1
7.708352231,5.840529166,1.950213622,0
0.232823265,8.670556294,5.646634262,0
3.301437375,5.529729679,9.588445123,0
4.521660994,9.345891258,8.111311289,0
3.529738629,7.676344951,1.497037816,0
5.819416682,4.604507508,2.981510688,0
3.194867332,8.905334095,1.399420237,0
8.641299469,8.315358787,7.251917483,0
2.528926925,8.704603484,0.024083905,0
3.481231687,1.289671371,7.975808539,1
9.926290712,8.214348278,5.227712856,1
1.090430484,1.231051227,2.267367174,1
5.148683379,7.332734043,6.89430579,0
9.454217184,1.980229621,9.948379535,0
8.420928808,4.055096386,7.214880455,0
8.340583412,4.982954605,9.710447781,0
7.791343533,0.898105742,2.409757389,0
1.363088995,9.010285861,2.130707471,0
1.489809311,3.53050844,5.236661218,1
4.934048883,9.407349969,1.697319676,0
7.398991426,7.60806864,0.955383441,0
8.845233567,1.152134052,7.22179877,0
2.254087023,9.501926271,0.531181342,0
5.71041439,4.092995251,9.419625376,0
9.915740508,4.600796671,6.537378795,0
0.413016045,8.343852603,7.08968562,0
0.566299448,3.740150443,4.130770771,1
3.420502044,4.863849009,9.974386827,0
2.443943413,4.081533193,6.850759315,1
7.380480429,5.811565521,7.498251774,0
7.471214485,6.910731426,2.40660495,0
3.306774445,7.945092431,0.866037872,0
9.847966388,8.991165016,4.344892934,0
2.451578119,9.061979863,9.817506842,0
0.20960759,0.669411401,6.402641107,1
0.265968226,4.187217393,4.775287276,1
6.059251024,0.017576339,4.73049106,1
7.719680507,7.095525428,7.268500762,0
7.982875858,1.937067679,6.054944141,0
9.253265794,8.436635482,8.310342084,1
9.906291941,1.806418619,2.950528459,0
0.589900684,5.527886376,1.485367378,1
0.007636776,7.114051781,9.215810674,1
8.537187537,5.832067498,8.84817171,0
2.871204241,0.210118229,5.684393027,1
5.822830084,8.127528336,2.569062003,1
2.155660543,2.85546471,5.632187105,1
4.016469264,7.857914646,4.693009102,0
2.437863753,4.373188303,1.195591406,1
5.191779934,0.583997967,7.557308278,1
5.55124826,0.922434899,1.346408564,1
5.602093086,0.269471737,8.595197839,1
9.901356377,3.334248977,7.772476206,0
4.507368211,8.976474467,0.069014162,0
5.787916045,5.236744632,2.182302627,0
6.161925502,8.38362134,7.658453787,0
1.426896969,5.66840073,1.476840307,1
5.788301474,9.022044385,7.611171329,0
2.135302395,2.918089305,0.668330621,1
5.933045332,0.551479316,8.191632424,1
3.086132378,1.019351777,3.167072577,1
3.822613559,4.001035256,6.280518569,1
8.199411578,8.534373547,8.195877135,0
4.501452803,0.881244096,6.811535092,1
7.37505291,2.507903155,2.230158658,0
0.537563568,1.525066855,9.794854066,1
2.182201156,3.510826422,1.939560563,1
4.579929942,1.605227469,7.052242025,1
8.498400183,4.90146868,9.437172046,0
4.470941897,1.233637471,7.666875586,0
5.758696271,8.269351998,5.419240166,0
3.206017538,8.41150919,1.545020408,0
4.378571892,4.067819121,2.164860274,0
9.041330457,7.019691868,2.507103686,0
8.076918295,5.52784531,1.082061711,0
7.072551378,1.640353588,2.025859245,0
3.699381679,3.74073982,9.919046867,0
1.212446585,9.551177638,4.228855118,0
3.845011523,3.971434722,5.573678768,1
3.961366483,6.693498558,8.962603782,0
6.305584963,9.263196384,5.96495755,0
3.82736336,0.648831058,4.283086479,1
7.807712953,1.662178069,6.364088595,1
0.653800702,3.089959509,8.605609861,1
1.596451368,0.862151213,9.300329959,1
6.218024291,9.329829164,0.3654906,0
9.476006709,5.97515764,4.136452984,0
0.973224298,0.149100349,6.427793782,1
6.706575665,7.392879373,7.581596574,0
9.222926989,0.479229156,8.622807586,0
2.164482441,9.495325689,5.706863828,0
2.192894716,8.532279329,7.628556279,0
6.46547785,9.571238992,1.251408169,0
0.587137303,8.388724402,7.775618797,0
1.013245596,3.198263623,2.26030688,0
8.00309609,0.51996727,8.711831787,0
7.810021329,4.332740988,3.962518056,0
3.104028455,6.77672846,6.363475894,0
6.348529008,1.016653619,6.668464592,1
8.25306181,5.433303893,2.590798825,0
7.560220936,1.04307893,6.191440769,0
3.475011318,0.199424717,0.663419912,1
5.151675256,6.715957073,9.527681676,0
3.759870919,7.805561093,0.528768802,1
7.007617078,3.920593627,6.263277324,0
8.401520857,3.449606634,0.700019789,0
6.531493792,7.913798857,3.531848921,1
6.98025212,5.169342969,0.230569008,0
0.377417804,8.733527375,4.085619283,0
2.829082612,6.533604134,8.639472981,0
2.925709277,5.504080274,7.68564462,0
9.476383443,9.675059612,0.873720847,0
0.123586316,5.854476765,8.929575717,1
3.954637714,0.610263847,5.514510774,0
4.570422639,8.234007587,8.301786108,0
5.855431908,8.310033771,4.954939126,0
2.661354202,9.27289231,1.18865107,0
1.991295953,8.630822401,5.420074135,0
4.524581061,8.02387246,4.564695858,0
8.501885615,9.131892688,6.43136252,0
2.507665156,9.892765483,8.963077957,0
1.488074832,6.496199764,1.291151043,1
5.77263162,5.128408583,8.213967499,0
2.706623252,3.860231835,3.45012314,1
3.754434574,4.415217675,3.96605166,0
2.883118028,7.215423437,4.786848708,0
6.76519959,3.138447494,4.806106287,0
0.284441325,5.611525009,2.900382031,1
6.200102239,3.317357626,1.88251412,0
4.989801745,6.95620759,9.028010063,0
7.901218636,9.981495865,0.384164192,0
7.142029448,3.984481898,3.709987572,0
4.386825447,5.125982151,4.383976047,0
3.175538716,9.07900153,6.987300026,0
3.858443507,5.886951492,7.863869491,1
3.274564271,1.608979714,3.903038914,1
0.290917788,9.216863609,0.930777038,0
6.597718579,8.307436996,9.452008721,0
3.791439358,7.839200728,0.903623302,0
1.692851921,7.61198249,9.393308031,0
6.987787504,9.174345571,3.361122043,0
4.863308757,4.668568604,2.12553452,0
0.362721442,4.400551444,9.929004179,1
2.327649995,1.963870042,9.280954022,1
1.786135201,3.747081991,2.205499886,1
2.208401799,0.827340038,7.419781373,1
7.359992235,4.597005113,9.300488253,1
9.441760633,9.644444961,0.207234164,0
6.091009212,1.9147451,6.824898533,0
7.72372856,6.851461957,0.321146293,0
5.228826795,4.421223717,2.951390944,0
0.043802225,2.294923118,0.553214088,1
6.444617943,4.706088215,0.6056339,0
1.211060337,5.936836214,7.781726031,1
4.813404666,4.560491827,0.703502473,0
4.774846374,5.879504388,4.72586296,0
5.291218837,7.173463942,2.702643476,0
2.976460447,3.93131721,1.579592501,1
1.864185767,0.281691773,8.608172609,1
5.228749268,3.65983448,5.347698902,0
8.535049198,4.831443626,1.721119589,0
3.228213432,6.397385017,0.831526502,0
4.81205503,1.305722776,5.616649521,0
0.423620345,2.488677127,3.411332734,1
2.048401922,9.468549493,2.737838341,0
6.252856222,1.414226844,1.235101836,1
1.04773559,1.924500278,2.630499907,1
7.224973927,8.582204025,7.939001575,0
9.456214405,1.594937744,5.996854873,0
4.303430204,6.101300572,2.986187043,0
0.782545509,7.49270954,8.013663594,0
4.711549972,4.245548669,7.646743639,0
9.759806214,3.170100861,5.673821228,1
1.116466389,6.929676928,8.470384537,0
1.265149475,7.146261369,5.546176886,0
2.124368028,5.531676875,8.711857436,1
0.307907718,6.074971452,4.407902566,1
7.77711945,1.203387638,0.583259814,0
4.524166544,3.952903197,3.575569071,0
3.15431976,0.687632395,5.351024427,1
1.277405154,7.509289374,0.844215564,0
8.447151204,1.585241465,0.769693935,0
6.721275909,1.763967876,6.041781273,0
0.74607534,9.31918683,5.847124326,0
8.836071292,1.169429729,7.082642583,0
5.544227336,1.969939675,8.890817921,1
1.511542364,6.970823966,2.575443535,0
5.883495803,3.925553374,4.972955735,0
2.382761726,3.216182427,8.240888935,1
2.933991526,6.844046316,7.492136187,0
0.846139266,2.046997703,5.677713137,1
2.830877733,4.16348405,1.690126552,0
5.712384424,3.440699677,3.224795602,0
4.965146718,4.819186244,1.341370442,0
9.958661241,6.125319924,8.880241511,0
5.427378603,4.398526657,0.043564341,0
4.382708956,4.697930746,0.491122504,0
6.422747098,9.912522617,2.99788916,1
7.260345384,5.96528175,7.145332398,0
2.412889115,9.097265145,6.354255888,0
3.804095972,2.139806102,7.148997008,1
7.385798094,8.036355781,7.163393832,0
1.878410522,9.983002442,5.180253796,0
6.080700387,0.671766244,9.529555559,1
2.626205095,4.073505086,8.006716977,1
7.024675692,1.45324168,4.399807854,0
1.20019002,9.179453553,3.526617596,0
5.354206688,5.777155246,9.554942157,0
1.747718221,6.453916603,6.0282294,0
2.176205084,4.623400506,8.529644074,1
1.226533904,7.902740551,4.928221458,0
2.728358392,7.321034966,1.997669612,0
0.774423201,7.723523924,4.841728448,1
4.563957867,4.743479759,7.827987084,1
7.511236891,9.970772397,5.068979807,0
8.801007309,6.80605215,4.351430401,0
2.16469849,1.61714009,4.046093854,1
6.583345301,7.14747587,7.473785911,0
9.643867414,4.535146437,1.786423997,0
4.545056647,9.114602283,6.622292088,0
0.337451607,6.225501418,2.762695427,0
1.618622615,8.605973551,1.37951575,0
5.576743845,1.314568917,2.494603946,1
2.689074796,1.516837358,8.972962374,1
0.551722168,0.576679307,5.680742878,1
9.504696553,7.73811281,8.119177116,1
0.896688519,8.491213607,4.322104819,0
2.618018399,3.671966925,4.500436149,1
5.12836389,7.77503429,0.725028485,0
2.023467527,4.587850646,9.394462386,1
7.333581031,5.212570831,4.771399063,0
9.617650859,7.062360876,1.559435934,0
8.331609051,6.84576341,4.355717786,0
6.625918344,5.257330239,4.353550386,0
0.790099566,1.681110927,2.303687267,1
9.667463354,6.270870766,8.335065353,0
0.185357936,2.513560321,7.789181773,1
3.721431302,0.290088974,1.077087067,1
2.669773317,1.957021077,2.017269948,1
0.694625553,4.030829955,8.894262957,0
2.174530009,8.172484024,4.078869907,0
4.875820295,7.544384111,5.509628476,0
5.44006593,9.000772087,8.695933464,0
4.202481717,4.686215908,5.43970337,0
2.052975993,4.390494211,1.156917749,1
5.764146043,1.791556962,6.994189971,1
4.177558699,9.917252028,9.445438436,0
6.788557771,2.539136602,8.973838131,0
6.474392602,7.123018374,7.276720832,0
2.64268512,5.923829439,0.042191337,0
0.273791633,1.02089593,8.332199309,1
5.969958662,3.077285049,4.129738369,0
1.403202736,2.967340001,4.359419274,1
8.882156327,3.770560593,2.788849397,0
0.99554168,9.328107762,3.459603797,0
6.091490506,6.641527725,8.557059594,0
2.254807061,6.573411646,9.589041668,0
8.762038542,4.09379202,7.24469418,0
9.512174966,1.18360888,6.336080722,0
6.168735134,5.261018095,0.571978302,0
7.156393406,5.052909659,6.73903426,0
8.187918895,5.664733218,5.458206203,0
0.048136173,4.8586267,8.686088448,1
5.254662748,8.156122311,3.390483135,0
5.111205976,9.267163654,4.927516688,0
6.801441058,9.065904355,8.359942769,0
4.831874778,5.955463402,0.719345094,0
5.584532716,7.809070295,4.992640119,0
0.35243585,3.385754367,3.60691083,0
0.670702922,9.086665712,2.257228303,0
1.592081849,7.949113012,0.352159396,1
0.192294937,0.641846605,5.688776989,1
5.444879974,6.279492454,3.00866297,0
2.714045789,6.756962446,2.241455209,0
2.840690375,0.533444037,1.067162282,1
2.178892597,1.017464382,4.630967052,1
9.250752061,3.749258096,3.577035498,0
9.756313923,8.872307147,7.041761275,0
0.378364207,8.028146789,6.54288189,0
6.306716351,0.374550849,0.577157631,1
1.07589947,8.521962431,6.306302153,0
2.773647889,2.109183512,6.404537484,1
4.792682211,1.045262238,7.633709437,0
5.345797689,3.19237504,4.428538785,0
1.247823374,6.986628607,7.792814635,0
6.658042602,0.74966433,4.566656609,1
1.512914092,0.442571973,8.612620382,1
1.40511122,1.710562299,1.545606317,1
8.47231035,8.67321413,1.749240591,0
3.847580981,9.206080066,5.025594037,0
9.253100341,6.811715963,9.975739162,0
9.075501422,2.612739037,1.823351984,0
5.711648601,6.214181331,1.588123636,0
9.361923485,5.563818802,4.377721045,0
7.457946749,6.608295026,2.178724025,0
9.148572825,0.246980372,7.707498694,0
6.482847822,0.161734707,0.509829478,1
0.635028496,8.728132875,1.106238629,0
5.197123887,3.066962099,2.74804213,1
8.938623448,8.334151464,1.814793183,0
0.059086926,2.405971921,1.163509353,1
0.45021835,3.707680727,5.245692477,1
1.939465039,9.59941619,7.979669784,1
8.13771366,2.599125149,8.121354872,0
7.225080495,9.628809634,6.652685515,0
3.672780546,2.491008051,6.303340985,1
0.224541364,7.334002057,9.347475767,1
7.059840418,6.806017549,4.011619109,1
8.806281299,8.601911602,1.487113998,0
2.666448077,9.299834332,5.786243052,0
3.981793408,7.306328916,7.569550268,0
2.971329806,3.543290364,0.76793285,0
8.991333132,5.995955818,8.3953628,0
0.482368829,9.457539239,4.606137671,0
5.887282961,1.119232448,4.095139914,1
8.37775675,0.062316559,4.124200592,1
0.886092553,4.428234876,1.80798946,0
1.126397805,4.466108855,3.768330396,1
0.213082118,4.792751401,1.724774781,0
3.83255258,1.612160531,5.14184908,1
5.574775323,1.981714698,4.533318326,1
4.014830119,1.759873273,5.828679514,1
5.442506619,2.970771427,8.05945439,0
4.134477226,6.814109915,3.486745671,0
7.493730998,8.045404841,6.034214561,0
7.380137928,2.447862363,2.569532681,0
1.789432813,6.132927979,3.598947853,1
6.114921503,6.757347263,6.020738842,0
7.739799955,4.688625092,9.100295454,1
4.807089918,2.54335459,0.398699372,1
6.430517718,6.227782347,5.163699605,0
8.534818265,2.563454203,7.796997989,1
3.381041407,7.320924209,0.9099299,0
1.589082655,8.494028518,1.967342203,0
6.949119137,9.412314303,0.452039081,0
9.606575885,8.295035565,7.657553798,0
5.901980178,5.460597906,0.645300204,0
1.092219983,8.805726147,3.149759567,0
9.080965826,6.278645825,4.693919046,0
4.741683409,0.186029475,9.108743274,1
0.350433044,3.716190394,8.819125182,0
0.473363016,1.011448413,5.548135339,1
3.072416088,6.311670314,9.027426952,0
6.048673626,6.136950762,3.106705951,0
8.264302577,5.828874575,7.490473007,0
8.243187482,8.457527941,3.495178804,0
2.889866312,3.490316516,0.511773742,1
6.587356855,6.544940053,9.969532288,0
0.762479647,0.425886893,4.748444566,1
6.960093712,7.193618995,0.645417901,0
2.374713298,4.172566036,0.884313901,1
1.430567503,1.716721742,2.037497347,1
2.111997971,4.045343581,1.432574819,1
9.852574165,4.244147364,3.884533014,0
1.958852369,0.002386194,5.548084646,1
1.917021572,9.182126332,9.775974502,0
0.304209587,9.755623993,2.096507866,0
4.360345559,5.067002613,5.145931264,0
0.856466089,3.466726306,8.832323295,1
7.735907697,6.462759086,2.870251827,0
9.81373912,2.845168214,4.510296572,0
7.988715653,9.28969915,6.248620351,1
3.50777873,2.008178463,4.433955345,1
4.005259961,7.771351018,4.551613329,0
8.625834554,6.43442286,4.580174319,0
1.781552647,8.741817833,5.506212459,0
8.793314435,1.254338778,0.974408745,0
5.243877295,2.232184307,4.395344674,1
2.023314271,3.082721896,7.525010753,1
3.760205959,1.095993039,5.860901135,1
3.238443126,6.863214302,5.740927292,0
1.827591558,0.889961537,2.425529495,1
2.464214094,3.159888087,5.374169058,1
9.792914686,8.328403708,5.366088071,0
5.853620886,0.523995581,8.273870242,1
6.337255251,0.297090233,9.836446426,0
3.038415209,2.389041408,4.888934323,1
3.957857828,2.235001813,2.066075262,1
7.860796319,2.993921688,5.418169696,0
6.758623413,8.553807289,9.054653042,1
7.446822016,7.352292734,8.9802103,0
7.116753188,5.746326829,6.789057484,0
2.681032083,2.529354465,2.903472506,0
6.018287774,7.717495643,5.637976557,0
4.641219502,3.529996213,0.206079322,0
7.214857481,9.228594635,6.141179915,0
1.268875031,3.734951557,3.072508053,1
2.109892756,3.370030549,9.183296569,1
8.364340231,8.298676495,3.415130498,0
9.859161513,8.938492051,7.043707471,0
4.366981665,0.24020055,1.122874034,1
1.964498971,5.45766655,1.856455932,1
4.072471989,7.860678297,1.834828554,0
8.420722288,2.026864393,7.948473598,0
0.156735209,1.409761478,7.3807461,1
5.936568327,5.150811413,8.232160011,0
8.86552354,0.419953264,6.474271795,0
5.976962102,1.858074961,0.26746281,1
0.063661342,7.331312454,2.932885011,1
1.695050804,9.207219301,6.214026106,0
9.956798034,7.82675895,8.712919436,0
9.938897593,2.026529469,4.659183742,0
5.017143492,5.479500257,6.28528924,0
3.524026541,1.577928335,8.947449738,1
0.974490504,2.584513447,4.619836143,0
2.542620388,3.188100234,2.445663499,1
6.07526646,7.305172796,6.215296747,0
0.786371424,5.06702683,5.383765604,1
6.517415813,9.653967761,3.730645871,0
2.908492956,6.422592447,8.393687419,0
2.916538966,5.44245794,2.492698831,0
1.855537795,5.349952899,4.000692727,1
6.81604882,2.528734621,6.815980274,0
7.510462885,2.369263086,0.646034292,0
3.35570266,8.469092748,7.073149088,0
4.313049822,0.575570162,4.787826335,1
6.035818057,9.88240879,7.249994886,0
9.119119688,0.987729741,2.607058604,1
7.640609116,0.535403109,0.307199455,0
2.282430646,7.864644369,0.785615247,0
3.121048055,3.926222315,1.542629993,1
6.224887987,6.738186148,7.839426512,0
7.106387459,3.944500248,1.050209919,0
9.658448607,7.737042605,7.608694951,0
2.915880047,8.971208324,8.350223519,0
8.097125681,3.984578785,4.661521496,0
0.662759963,1.078864693,7.643415523,1
4.953230054,7.78563249,4.80995311,0
3.294889103,1.219149716,5.382633129,1
0.303140233,9.253498604,0.723060953,1
1.764680816,3.043568811,3.002564899,1
2.292263384,4.431963396,8.425786723,1
4.011156859,5.684781266,2.35008441,0
5.753851126,0.685180705,1.27297606,1
3.868611851,5.750259128,5.408170307,0
6.516173607,7.45426587,0.458380546,0
6.198571473,8.28370931,6.422401273,0
3.89446462,9.650300294,7.712461593,0
6.43776225,7.37632527,5.003745158,0
3.011682401,9.84612705,0.927026219,0
3.300900948,0.261479656,0.104968782,1
0.637413607,2.152304343,9.894225398,1
0.708505187,0.342710779,7.875829767,1
8.097136523,4.091064223,0.455004097,0
3.114393816,8.574933335,6.533548912,0
6.803638113,0.643175571,8.740556066,1
7.857020439,5.911002239,4.066255001,0
5.636933706,2.439192876,7.426508884,0
6.854419566,9.367828506,3.557023079,0
9.771758463,0.553137702,4.478641803,0
7.436237912,3.405798984,0.465090977,0
0.37188494,4.395267083,8.031292431,0
1.956361366,5.538249147,3.258146687,1
3.741135327,3.803320299,4.521926799,1
6.841749503,4.93513421,0.06635046,0
7.182341994,9.893994263,1.030926431,1
9.709444624,8.568917797,7.454950522,0
2.817003018,7.899913628,7.165013357,0
6.376023687,1.041899738,4.610600115,1
1.632712059,6.978405359,7.032304526,0
3.736757132,0.805059844,8.605999332,0
0.863614617,3.672424591,8.995175999,1
6.064896086,5.457733179,2.510818689,0
3.747164809,3.018859181,0.329289444,1
5.023716794,0.035902063,4.707426321,1
3.189250248,3.739952154,2.183373429,1
7.961483042,1.838227214,5.342742692,1
2.561363078,7.260056855,3.131641199,1
9.157225664,5.226519219,1.75852236,0
7.070606098,2.535755699,5.769987166,1
0.863395407,1.519562666,5.738209687,1
2.395703126,0.313672827,2.694099392,1
9.546246369,5.798858376,2.701382999,0
6.171198555,9.454273788,2.536140207,1
4.825058656,9.014330859,1.856639642,0
0.381190594,5.786089879,7.301976559,1
5.899819155,4.237191558,5.571557674,0
7.995109972,2.088301888,1.326116134,1
5.464474109,8.713498882,7.385793895,1
3.775523371,1.528301085,1.558227391,1
5.761418966,5.008938455,4.897837517,0
1.060127862,3.629001062,2.532700148,1
6.026691143,0.246984452,7.747576302,1
4.434029355,8.715564448,7.671715041,0
9.262247847,6.649379539,5.669720065,1
6.424216044,4.339042164,5.846364828,1
3.676576751,9.773537813,8.028134706,1
3.665370547,9.717409164,6.788673588,1
5.106756618,5.570016887,5.249114357,0
9.052050505,2.301277881,2.963343192,1
7.433768259,9.151339084,7.41441185,0
1.870702871,4.286170791,6.596611394,1
0.518649616,5.771149263,0.570182001,1
7.014570185,2.207060439,7.653844352,0
2.421657622,5.212774714,6.773740077,1
0.265998015,4.479779395,8.026708929,1
3.490406517,1.39566869,8.975476299,1
4.458070632,4.824948359,7.931104484,0
0.781099017,3.286711869,0.910533021,1
6.114557479,3.182266866,5.156162084,0
4.705332666,3.185384637,5.775786711,1
0.435942353,3.503123466,6.28882925,1
6.975392343,7.441467142,4.762073381,0
3.907302952,5.735557327,1.021776003,0
8.559995377,9.827863232,1.558068835,0
4.702863858,8.939222365,4.216113097,1
8.316377612,7.257793935,0.907503268,0
4.363026911,1.400560116,7.014174026,1
0.349026519,9.902717018,6.697103122,0
4.975850984,9.945784494,9.662787471,0
0.231956983,0.162801826,0.99000739,1
1.258919,5.956767195,3.523889491,1
2.533462492,3.248408343,4.731610391,1
8.408995477,6.857849239,3.05064863,0
1.644028671,8.118848329,7.32270601,0
3.724334379,8.801207277,8.769934911,0
9.370395043,8.762982913,3.368456477,0
9.256115318,6.421808563,0.695169242,0
9.649276681,7.659550851,6.562177257,0
8.724439915,4.837674748,2.916967316,0
2.242401084,4.734317257,7.843051743,1
7.061070269,8.884379292,5.602293975,0
4.754970524,0.6787901,8.510838794,1
6.922384464,6.851086834,6.637067682,0
8.652040268,3.800742489,9.205254976,0
7.91751671,0.04487704,2.850681068,1
7.265645902,8.021672671,2.960574712,0
2.433029326,6.894282732,0.863980488,0
4.022826257,0.289939908,9.613106584,1
6.384926574,8.477150084,6.204246977,0
8.335911484,9.099955903,2.780192613,0
7.689441926,0.1224248,4.447227639,1
1.771625247,1.244820948,7.499804111,1
7.702147588,4.904727576,1.442791809,0
3.002632859,0.97057937,4.173260246,1
5.252665262,8.53881191,1.785041173,0
7.414808131,2.943926492,4.415348681,0
4.6404882,6.347886105,4.702708638,0
7.253342101,7.186042731,6.238929561,0
1.019918923,8.737012737,8.315358932,0
9.268339433,6.474843643,1.552683703,0
2.159116171,6.793181834,7.952057333,0
9.911721443,5.129563154,9.553003344,0
0.979630315,3.062598161,9.889807398,1
9.526203768,8.960475543,2.943576658,0
3.352867356,0.623573979,6.23331768,1
9.398118569,1.035731912,4.036375074,0
7.146540209,8.28466484,5.806667839,0
7.893304059,2.252432073,3.248654238,1
6.331877243,7.479671802,9.970041751,0
3.082363327,4.003502215,0.508524448,1
0.460538899,5.065801216,3.347008359,1
0.242809123,6.741671687,2.070903907,1
3.615201121,7.003482526,3.315154214,0
2.04631001,8.923878107,3.520161076,0
0.297806492,6.870828327,0.518270343,1
4.968350822,6.286690851,3.704122242,0
2.454214261,4.951530455,1.093865704,1
4.035816434,7.866465946,8.675322365,0
3.435080888,8.042673638,9.211070415,0
9.643694628,2.838215491,6.227606334,0
5.124320761,8.06746861,2.722485534,0
5.654897205,8.858723359,3.635374305,1
4.704148662,1.557275798,6.118882153,1
5.893712495,4.263686946,5.782770683,0
6.497166715,0.787581979,6.955888447,1
4.984204657,1.987204397,8.447651349,1
6.447618902,4.178503682,9.197930041,0
9.333186262,3.335549218,0.5421377,0
5.956776579,3.616048963,5.330131343,0
3.127347327,5.791371895,9.17664632,0
9.091390085,8.65529716,5.786683034,0
7.955354349,1.648328028,0.34283455,0
0.771390939,7.943682409,7.01821017,0
5.16537423,1.253587721,3.598274933,1
8.125792797,5.524330052,6.558706049,0
2.551210479,7.551380396,4.22014179,0
1.30878351,5.676122976,7.317018424,1
1.1145573,8.180513306,2.934446137,0
9.486266641,6.737952125,5.54108556,0
9.07767151,3.92516601,1.168656246,1
3.369284666,1.857976572,9.3011877,1
0.590732089,3.69311487,2.194405459,1
9.246939029,6.3014781,8.929689183,0
0.640978116,7.159342877,4.019665377,1
5.467399576,7.444508449,4.630743072,0
8.612607691,6.533402532,6.6595412,0
6.826715627,7.287447054,2.130791094,0
7.544965678,1.2211978,5.496865232,0
1.220319482,6.870906247,1.283518144,0
7.992305947,4.549972091,7.389176973,0
3.834747886,3.172257303,6.852243054,1
0.75483459,5.343777923,3.356249005,1
7.311401235,7.384800641,8.240366721,0
5.135387721,6.756082754,3.601995533,0
3.492424189,1.211234489,7.647186857,1
7.692129801,6.520041779,5.443577961,0
9.592618631,1.220844577,2.027856518,0
1.603882113,3.839500121,9.843954724,1
6.758072889,3.147114482,9.92459939,0
9.959968916,8.967990426,6.747240078,0
3.100567059,2.782360649,7.677206669,1
6.467800163,2.378667203,3.003867966,0
5.851249908,7.238613333,2.534808526,0
3.634699103,8.49316542,3.490860195,0
8.085091247,5.79440768,8.991092702,0
7.11343743,3.182266216,5.149778212,1
8.816778394,1.693872819,7.63822423,0
5.243195883,5.540039658,0.842755677,0
9.904219275,1.450768042,0.106214227,0
7.19410729,5.440969501,7.874736885,0
5.049365345,1.930321523,9.800944999,1
8.925357267,8.046989783,1.599932399,0
9.932264838,6.886242069,1.896630902,0
3.081771108,8.187320924,9.792059769,0
6.006753685,4.441210493,9.241520059,0
9.522666936,4.225248167,8.275521177,0
5.868664616,8.268464562,6.703737847,0
7.634953812,4.994658012,4.649603441,0
5.079923494,2.041902785,5.64051743,1
5.325474505,3.598386773,1.869765467,0
8.93752098,7.506812311,6.516975074,0
3.362873295,8.89189999,9.463071403,0
4.458557538,9.60684613,0.949114103,0
5.706880398,9.385660153,8.68163581,0
4.062285115,7.815384219,7.001689605,0
8.909686778,4.147113461,0.914565626,0
6.421967568,2.256750921,5.664066431,0
4.96289211,2.676687058,9.856868822,1
1.687436752,4.429612624,5.338850384,1
3.010415087,7.399840664,5.948434392,0
6.362799631,1.16844346,7.396486829,1
8.806635814,2.083601422,5.162839785,0
5.859969554,2.874261025,0.230800669,1
0.823590972,0.600209065,6.766494929,1
9.054502831,6.385569946,4.795714318,0
4.847210278,6.565409046,0.995513821,1
3.168489863,9.852218143,0.747656444,0
0.351090455,0.17263063,7.518690074,0
6.491533113,5.459976983,4.547219002,0
4.48695635,8.511581315,4.353363024,1
9.770743865,0.588768961,4.413234262,0
8.557288017,3.238885149,1.204323131,0
5.424997929,1.017934209,9.245132269,1
5.41512715,4.077007752,2.406405837,0
0.22882914,9.444249903,4.091569276,0
0.78673546,8.642226593,7.42064103,0
8.434482378,7.164708876,6.719139952,0
3.681980058,2.839417384,8.031394075,1
5.38442902,2.590672883,5.111655505,1
6.838679513,4.784766855,3.308550164,0
3.854691126,9.034816177,3.042941188,0
1.740332588,3.919618946,6.690942004,0
0.170294057,4.571201196,5.88021862,1
7.877141063,3.515646327,9.275843297,0
5.736750493,2.739861372,0.2917996,0
7.749333433,8.316913783,2.523533599,1
0.431381692,8.712865819,1.168479387,1
5.306821348,0.405731112,6.798525416,1
8.696841704,3.795642217,9.115486565,0
5.96346849,9.337311298,3.847529129,0
9.239960604,7.766365145,5.585363018,0
0.05712323,3.120516472,8.705541869,1
6.513824372,4.382423214,1.89165501,0
6.164257613,1.287288778,4.576356843,1
6.596402791,5.385077747,8.961821707,0
6.017735989,2.298415023,4.847213434,0
5.111903423,6.11678927,5.100692849,0
6.550937979,8.875161787,5.077181411,0
9.510496044,4.694920246,0.92500129,0
4.154549616,3.945053303,6.481763285,0
1.811395108,1.82462378,1.743411188,1
7.193751946,1.951130565,4.166551077,0
4.005063961,5.846433158,9.933314376,0
1.269152166,6.456694965,3.314519071,1
4.390734091,3.512775689,1.08330678,1
1.08096855,8.305403074,9.476863605,0
4.96655222,8.622620796,4.872107494,0
6.305804891,1.423100507,8.383347244,1
4.710916652,8.025711968,2.630505298,0
1.251060283,8.776313486,4.288015237,0
2.91883568,7.998485016,5.234613358,0
9.871889103,3.936153372,9.07553259,1
5.598664611,6.59841043,5.102103515,0
3.594024031,9.023276854,9.715251542,0
6.598274763,3.769721753,4.550603885,0
1.908436986,4.872912125,8.983248651,0
8.773228806,3.993369983,0.999877321,0
5.136107998,3.829923125,5.788276139,1
2.415973004,9.384140338,3.755526203,1
3.52546989,5.753059449,2.910121444,0
0.938274693,6.909025046,5.648244802,1
4.966308507,6.229119137,8.292314938,0
9.244196741,9.369468174,9.660202936,0
4.727516587,1.053667415,0.180952136,1
8.594314443,6.875409906,5.513961333,0
9.372133814,5.839459966,1.449595871,0
2.136168656,1.425636113,3.285536999,1
0.834825482,0.934333215,8.199778322,1
4.606374869,1.320862399,4.302893957,1
1.686113901,1.437889304,3.624121078,1
7.803196379,7.304906437,3.599386299,0
9.621711403,6.940956504,9.247091938,0
0.148933957,4.793660438,0.652429329,1
0.880401245,8.533897107,3.516753453,0
2.199011901,8.609149332,2.568859294,0
3.249337006,3.852006363,2.667761505,1
7.671362044,2.559901213,2.903078716,0
2.557034246,4.746603248,8.503773352,1
1.782529931,8.339725813,6.560476913,0
3.502748302,2.604342973,9.36561137,1
0.591064056,6.953361277,1.074370174,1
8.958737748,5.876691132,7.096881967,0
8.450961239,9.003598093,6.45014209,0
0.265003034,4.708062133,9.991481284,1
1.691476479,4.103770015,5.23858586,1
3.32244447,1.840405587,6.736541921,1
3.616433225,9.103968954,2.192364237,0
3.189138508,2.642557943,4.674829769,1
7.727439244,3.294082254,3.295089692,0
0.649432146,0.186372222,2.474861437,1
5.576559333,9.502484288,6.011458727,0
2.370259759,0.434361146,7.974082404,1
4.329407947,1.228714547,9.318832806,1
5.086604015,7.651298408,5.514939022,0
6.727900154,6.820683334,8.044290127,0
6.410986754,4.414184353,3.817800085,0
7.234635657,3.470053162,1.505376002,0
2.662039682,6.004985739,7.078212134,0
0.768429354,8.857955905,6.098212888,0
8.860644785,2.505700053,0.593488968,0
1.246677546,5.73344863,0.312264268,1
6.479449459,6.786405015,1.396918176,0
2.569049931,2.752643253,5.822662273,1
1.697160389,9.925446223,9.920624761,0
9.716996156,2.732521079,8.2027883,0
9.213710615,9.965219535,0.534324786,0
2.70727845,0.294927327,8.594552534,1
9.770464484,7.844971121,7.574645556,0
7.711760765,9.315742248,2.017885877,0
7.885350526,4.140784861,8.761388707,0
1.834521863,8.952484389,4.462455155,0
1.769542161,0.786829335,9.564170782,1
2.631139916,2.538388641,1.628108774,1
8.846088429,9.547734465,0.413452588,1
2.039009306,7.223661781,5.695624969,0
6.193466912,8.151810447,1.043674345,0
0.983100416,7.14245072,8.121788025,0
6.590724151,9.615161533,2.614689933,0
9.658238246,5.671081238,7.802105433,0
6.8454823,1.594943161,6.050050399,0
4.662668327,4.17890701,3.159019673,0
7.123787123,4.826607019,4.220807392,0
4.19473177,8.573987569,7.245189952,0
9.455681132,6.35766741,0.764899854,0
5.694026036,3.142971157,9.233005031,0
3.126661611,9.056950896,0.428019627,0
3.952683224,1.41521574,0.947053599,1
0.951660232,8.368412934,8.296694778,1
8.846691335,5.468873846,1.923311108,0
2.851070447,2.476131763,0.203312638,1
0.723709036,9.659712917,0.153827289,0
4.658450766,2.758240069,0.788983855,1
6.869866592,1.073073592,0.769019976,1
4.729836631,3.838825042,3.214006374,0
6.383907327,8.467125317,7.75100464,0
4.537263995,2.582966594,9.428191695,1
3.917544842,6.32116803,2.304492821,0
7.686105693,7.357281816,7.977986384,0
6.534117784,3.684028637,2.958514697,0
4.762280966,2.474641568,5.568111277,1
9.586870624,4.769672093,5.062890644,0
7.78997976,7.504488298,3.692849364,0
8.451825492,7.491430599,5.453179586,1
6.376190527,2.680432049,6.636425879,0
6.074247896,7.301857509,3.655866299,0
2.529283019,2.201800888,5.999792381,1
7.091423495,6.983414648,6.22853233,0
0.657966879,4.005992372,4.964359857,1
3.932409178,2.30380365,7.768918104,1
9.353565857,3.483550207,4.059853288,0
4.758345453,3.823964003,7.263745066,0
6.931111897,2.563211474,5.413160073,1
4.493861216,6.324270322,2.772102417,0
4.867385491,4.706176285,1.470561103,0
9.362819526,4.363835269,9.339451595,0
5.991477148,4.410335835,6.021509984,1
9.859098089,8.315603912,9.659289096,0
9.255048648,5.946042275,8.194455333,0
8.68169131,5.003624576,2.710227246,1
7.490008564,1.487379745,9.669745283,0
0.113487266,6.67170704,4.948108822,1
0.915554538,3.774385174,0.350066207,1
7.587081799,4.84362238,1.328663302,0
9.022602955,3.096891138,6.681139783,0
8.422094056,5.498997087,7.763660455,0
7.921322739,7.423886363,2.101243135,0
4.098468045,3.167940234,4.454313008,1
2.264749488,4.217989929,6.992361796,1
8.908416367,1.670409294,7.202947916,0
4.023730047,9.166064535,2.033071494,0
5.310944457,0.898782406,9.055280568,1
2.001713769,0.944195248,5.0548007,1
5.942312706,1.566353432,5.27032771,1
3.566504922,8.758113365,5.544631814,0
2.577185657,2.653605713,3.174977419,1
3.019254505,4.211766509,5.87215802,1
3.769707051,4.406216935,5.569789837,0
1.64706959,7.983710446,0.133556302,0
4.810965534,0.605782154,1.499799796,1
2.393277006,6.486743171,8.417951094,1
9.811437056,0.236595365,5.716350678,0
1.779638719,9.945124471,3.180704426,0
5.048456366,3.003236554,6.899467098,0
4.152601877,4.816304598,3.040722451,1
2.454948476,2.16225002,7.570719818,1
8.314772677,1.495733055,1.707600212,0
2.691211493,2.50134097,7.782934681,1
2.211853617,4.72764507,2.31550534,1
5.237333336,7.96396248,6.188789185,0
9.363412248,0.184961651,8.621639758,0
5.271187829,0.448941799,1.17068019,1
3.989468235,2.68080868,0.335317984,0
8.354802352,4.627168827,5.538323612,0
8.383395996,5.445350107,0.896674629,0
7.129957824,5.429057866,0.890568183,0
2.481756309,5.441981685,7.81539728,1
6.209166456,2.337038632,4.169674013,0
2.934245882,9.342078408,0.665318796,0
5.39238975,0.773006,3.80519509,1
9.163359617,5.468071835,4.046765006,0
1.766403273,9.959810002,7.4072956,0
8.817112796,4.978036341,1.408171585,0
2.655458363,1.369853151,5.441065456,1
2.332628513,0.857900624,7.555293981,0
1.798097348,1.22732173,5.639977534,1
5.126517502,9.64165419,2.799071869,0
8.363294763,8.031132681,5.867326469,0
9.3835334,7.79479194,4.764917017,0
6.161112726,0.401350894,3.780396117,1
5.090706117,7.938040519,1.609209637,0
5.763232753,2.822138191,8.332448573,0
9.640600293,2.448751906,1.305737701,0
5.620396405,0.026366607,1.059721752,1
8.104434291,5.762442488,5.060941567,0
1.030392666,1.599645481,2.23154375,1
2.66007798,6.739107931,6.892263224,0
2.803786887,8.104283725,4.283733511,0
2.144308438,1.366437712,1.89804404,1
8.279017581,0.344928892,9.659915593,1
5.858013222,3.661119227,7.965193539,0
7.336555139,4.421289948,3.601847545,0
6.041266872,3.395221163,6.580309875,1
7.366168732,5.256391822,5.13735139,0
3.248558642,6.20769778,7.913171052,0
3.315955392,8.111172232,1.935763699,0
1.901161209,3.417503283,5.413013205,1
9.579056478,8.026937194,4.663454627,0
3.028700827,6.984087595,2.837538518,0
3.128608882,8.181095582,8.652979883,0
0.81558399,1.96363441,6.966807386,1
5.14883323,8.804423478,0.356247054,0
3.254988205,9.352429967,2.327974296,0
4.146814872,7.982123641,4.549551137,0
4.405299106,6.555791262,6.539256038,0
5.642113021,3.305245846,2.93272498,1
1.520740076,7.301557041,0.704971881,1
3.472201182,2.601080417,7.324041082,1
9.298821263,5.836892316,6.232701245,0
4.061936484,4.391479417,0.832622498,1
0.127372283,3.036461898,3.205574653,1
3.443353797,9.290908148,8.122188586,0
2.519582673,6.934699048,7.792620923,0
7.131018224,5.843248729,8.659037401,1
1.174567956,7.545163099,3.160066974,1
8.20744715,7.451728519,5.539055218,0
1.941533442,9.913207245,9.721626533,1
9.931870715,3.015559779,7.925855642,0
8.488125927,3.99800128,6.483842643,0
3.980378805,3.41351099,6.204701645,1
4.961289514,6.937590542,6.189987487,0
6.824908649,9.541108709,5.3419049,0
0.192155721,9.274606437,8.023084374,0
7.516619275,2.83116978,7.031674869,1
2.62969703,8.367801061,2.28748634,0
7.057375708,2.600095068,7.64693172,0
5.19242844,6.952979259,7.322568385,0
8.541496097,8.146440869,8.309039727,0
1.860702,6.067614702,2.157257736,1
2.254667291,5.200735206,8.533728483,1
5.077920508,2.370576748,3.547514652,1
6.564882782,5.827072011,9.787492582,0
5.030306612,4.754505299,6.109810774,0
0.213661848,0.486281037,7.879331742,1
1.511832882,9.824000237,3.619600895,0
1.832527932,9.370091038,5.777354502,0
6.093429306,5.682484472,9.793271485,0
7.62127087,0.614481549,6.936562484,0
6.709558186,6.68421139,7.753335506,0
6.567211309,8.695538233,0.994256826,0
3.976491037,5.231744034,3.071423882,0
4.665664358,3.602933581,6.523965301,0
4.162187343,8.955164237,0.781239425,0
8.217339068,4.600261467,1.281137248,1
0.51752668,4.742792241,1.075868452,1
5.581132664,4.417167014,3.110518711,1
0.404927263,8.903920852,7.519953962,0
1.549024264,5.080568112,8.372700505,1
9.754682059,2.84577218,0.441852739,0
8.756687777,1.543924957,5.000268956,0
0.740938269,8.86800998,4.83928759,0
4.757408999,4.627051222,4.383324271,0
2.705765948,5.440648563,4.72280258,0
2.828657436,2.357949752,9.537785612,1
1.227005958,2.538783874,5.509695081,1
0.569979951,9.886370934,6.162215022,0
7.229996905,7.912878111,4.489202394,0
3.952950958,4.044626393,4.389076136,1
0.986399088,9.538712482,1.808557141,0
5.341955366,5.456917956,4.504518188,0
3.27022878,9.03011652,6.887611107,0
8.212410612,6.197892865,1.619097542,0
5.949876453,5.84991832,4.161093487,0
3.858498671,6.428719838,8.570800999,0
2.267161539,7.906741935,4.225816641,0
9.681360722,2.756916318,7.788428255,0
8.972099392,7.1013974,4.937131462,0
6.153752928,8.120778309,6.277044988,0
1.366474605,2.260363673,1.144897717,1
8.044661765,8.736459344,2.88048602,0
4.526345043,5.347933503,4.168203991,0
4.321859911,7.099454308,5.854028416,0
3.679237063,5.900467858,0.608105956,0
4.652864534,7.895854139,7.296768757,1
9.176671772,6.206738104,8.488192607,0
7.310622824,9.740021599,8.865396946,0
6.660441095,4.305263802,4.109072126,0
4.815224728,2.435325553,9.445529699,1
1.462921983,9.470064488,7.616607469,1
3.040208419,0.000156191,3.647220207,1
9.007178309,1.611447357,8.137758572,0
0.130465515,3.415094891,1.760196916,0
6.853758784,2.878291954,9.818553833,0
2.918738067,7.039823349,0.218383106,0
6.479725851,9.500856144,0.021464766,0
8.428670738,0.088587757,2.133628597,0
9.882679462,9.90826645,1.198077121,0
7.808988439,4.188733273,9.662739987,0
5.976377848,6.120110525,7.718734927,1
4.108377408,0.48779102,2.708875176,1
4.100254101,0.708791715,3.156704522,1
5.733468027,0.502759061,9.710007839,1
6.801139988,6.109095703,9.542166806,1
6.863948993,2.956326038,6.19129293,0
4.311273529,3.130596898,7.705401759,1
6.74993349,3.21007098,8.220364322,0
3.139175405,1.954919339,1.376095781,1
6.668677869,5.198618831,7.748806222,0
5.420557696,7.410406485,9.715360494,0
1.87278533,4.737993039,3.942908796,1
7.04506631,1.709497006,1.083368243,0
9.063478018,4.530887641,9.960791345,1
4.740203886,5.655632238,6.077481948,1
3.288879915,2.202917388,6.96493503,1
3.076966189,0.998212954,5.562689707,1
1.756152694,9.288877324,8.177473139,0
5.200446586,5.699187695,3.835621921,0
9.157453298,7.462108953,7.485295507,0
4.060487484,0.160847427,1.795850136,1
3.519588699,7.993884002,0.048054905,0
4.1265952,9.404731487,5.981204187,0
3.938644835,3.544192264,9.625497742,1
0.771036562,4.463340878,6.584036796,1
8.29778301,4.640206673,3.583001504,0
4.338468785,0.215210083,5.691496234,1
3.470225884,3.20167572,5.770514734,1
5.820031445,0.64209566,8.134747679,1
5.950166961,8.702989077,4.168995699,0
8.232216249,0.709048649,5.680056705,0
3.255742788,6.763186501,3.367897255,0
4.598078694,9.844119698,1.212823793,0
7.429423202,6.478540128,7.855868528,1
6.169426964,2.055482277,9.004716032,0
5.40257937,0.845264535,3.456272901,1
7.73161183,4.273048912,7.72663571,0
7.037174269,4.201762627,7.624032007,0
2.500365548,8.203314956,6.869455646,0
1.343169987,3.385714108,3.211525007,1
3.294391853,6.335661003,4.639978607,0
2.360867934,8.197245476,7.261091653,0
6.439611128,5.534156668,3.065904449,0
4.951276564,8.600403903,6.680004719,0
3.289441858,7.721756851,7.487306589,0
0.23580209,7.925600525,9.436022418,0
3.895238162,7.247256942,7.423696419,0
7.567142923,9.023914873,5.981242436,0
1.02637579,2.149903505,6.315594529,1
8.473056956,6.005634598,3.45065809,0
4.04181215,6.750395794,7.750367558,0
9.228160744,1.879935827,4.963031111,0
0.23911637,0.475142799,8.490694928,1
7.428885334,1.196131492,9.32065226,0
1.524861854,7.781533424,4.553030813,0
6.337395917,1.67857407,7.389207982,0
9.367654631,1.849397358,5.044722953,0
1.523918333,8.515222947,0.117834679,0
0.017679002,5.738752019,2.396844583,1
5.45517519,7.388815271,7.668048509,0
6.572475032,0.390556576,7.769406568,1
6.874657232,8.121943216,7.717590796,0
3.331894186,4.646066747,1.134788859,0
2.527734353,6.992351741,3.999716793,0
5.20003626,1.669379562,7.08995158,1
3.498779742,3.629115517,3.656764766,1
2.978634973,5.287343033,9.109193108,0
1.217602353,0.185980372,8.626500903,1
2.047632834,1.915329036,2.559729593,1
0.183142763,0.758349899,9.867623904,1
7.912357188,9.37320874,6.396300771,0
3.654083268,8.865046115,5.731167813,0
6.252956795,2.401953911,1.702631179,0
6.527788493,1.524055978,9.867033875,0
5.838061412,7.714398599,5.221913707,0
0.339658738,7.901737811,5.080310029,0
5.786280093,9.170061666,1.288893839,0
2.88893652,4.358830201,0.184672947,0
5.659303604,2.133965899,9.792360825,1
8.600695652,9.545270059,6.210522964,0
8.868748291,2.090232513,0.286782143,0
8.707118698,4.726004941,6.20779508,0
8.642606188,1.148645389,2.959636885,0
5.053387854,1.435381363,8.993639073,1
1.773464289,9.30605666,6.895727535,1
8.996383187,5.592548272,6.529850341,0
5.881477248,4.101322257,1.199153153,0
3.352056245,2.657650856,2.902328501,1
0.175848501,9.1214028,3.410165847,0
3.556094942,6.521692513,1.655438609,0
5.333221496,9.681584416,4.953817618,0
1.430939055,5.365725841,8.906752872,1
4.390811697,4.274942869,6.32718844,0
6.667672131,5.321268503,2.291240967,0
6.726014301,8.299721933,3.682369861,0
4.711767583,6.38270081,6.61792208,1
4.641353384,4.844852668,3.411322523,0
3.763498034,3.427457156,3.169995732,1
8.486133084,4.426287021,2.678103068,0
5.315880164,9.372364987,8.109802756,0
6.958616745,2.688320082,4.104796111,0
7.049230443,2.605447721,0.215339105,1
9.279926612,0.272525291,8.584149879,0
2.082750276,6.803735369,1.598326714,1
9.158837002,1.05146521,8.553097391,0
3.944459845,0.653411084,9.263521593,1
2.048917361,4.530673409,7.856820201,1
8.700195824,6.736456572,0.853267045,0
5.677879115,4.564062487,5.770958856,0
1.877910204,5.069381156,8.505606823,1
9.295059721,8.894786636,7.81282605,1
1.741193097,2.370671998,4.482963221,1
4.623191898,6.480902931,1.060953867,0
3.538530411,4.020433202,6.787751748,1
1.861303375,1.973716523,5.983242568,1
4.574165663,4.994242427,0.568144592,0
2.580732174,7.483954,2.025502586,0
4.749438765,6.351384374,9.059206543,0
3.623345654,6.990939033,0.12551025,0
5.375697419,6.837623447,4.413146327,0
0.927418093,0.286365001,4.503946892,1
3.791199168,5.480296103,4.101294588,0
4.939955302,7.414293568,7.890406061,1
3.104993847,6.257842365,0.38314089,0
6.956638505,3.260030408,8.871906295,0
9.663126716,3.680747413,0.733616064,1
9.318170638,5.867102316,2.925114536,0
4.80005419,3.445469057,0.064881876,0
1.680764168,8.898161297,0.955369798,0
5.744832897,2.117150171,4.645104113,1
3.347575796,8.655163339,4.472419465,0
1.795717437,7.854221217,8.41983854,0
7.657505987,6.479564028,7.911585627,0
1.249441082,2.874137429,9.016957971,1
4.527833368,9.964779229,6.210073941,0
1.500651482,0.011476978,4.828674734,1
9.964003412,8.590783423,2.197269869,0
6.658651437,6.729032758,7.943982358,0
2.128095876,2.142867564,7.215614029,0
4.062849422,3.357440467,5.53609763,1
9.719481016,7.136323507,7.946436165,0
1.941282712,7.450780883,6.232319134,0
9.519933584,7.380999697,0.911294981,0
7.639916081,3.72910173,5.621363065,0
9.937923952,2.464405508,5.039764448,0
7.961268094,9.727225714,3.197008925,0
6.972643465,0.444742599,9.930337847,1
0.515853214,8.307681954,1.857739474,0
8.535300051,7.295075218,7.046981222,0
2.54051737,2.534357588,2.03914286,1
7.330588588,5.823796782,7.621466984,1
4.857953403,2.073640731,7.338887824,1
8.693178715,7.821426592,6.343829008,0
1.167455536,7.694086558,5.737356675,0
6.997054978,0.19020411,0.107835677,1
8.685129913,8.774147874,3.019538111,1
9.436553145,8.501706171,7.369572534,0
0.027522497,2.411717476,7.590604142,0
5.032089768,2.266879801,5.139793733,1
9.800169678,9.579679485,4.145496265,0
5.863516182,7.705694618,9.74011678,0
3.412108456,2.430417406,1.242617885,1
1.983958397,6.568686886,3.187180413,1
4.329034711,7.563168471,9.990822797,0
2.323856656,4.709486218,3.977417347,0
2.143281467,1.280553988,8.43398947,1
4.817514318,4.921382282,5.008657979,0
1.355070201,0.257709718,3.080409759,1
5.020477023,8.218112614,2.197255045,0
0.821957393,4.556827455,4.715701783,0
9.989800181,1.940851146,3.212372334,0
9.638478437,1.610003395,3.95661099,0
0.016277403,1.9736465,5.295542736,0
8.56933049,1.508015092,2.329488138,0
9.766874709,2.589785342,6.395118222,0
3.437522427,2.02102922,0.641243621,1
1.358285392,1.834101643,4.825509037,1
4.060688537,2.135396646,3.843727219,1
2.486909499,6.051460098,3.502896591,0
3.263994105,7.799373638,9.761773102,0
2.621987076,2.648344339,1.503019115,1
6.044741109,7.515706133,3.863202191,0
3.678818513,1.789888505,0.608281384,1
6.856297137,7.807454765,9.126521286,1
2.417223215,1.662463528,9.167573875,1
4.78130903,9.349257896,1.175064042,0
1.394925095,1.67262524,8.965753797,1
9.48489149,3.232591157,9.391027559,0
2.942271689,8.163528473,6.126399717,0
7.92524835,5.977318887,5.362063843,0
2.678720865,9.830886641,1.250973626,0
4.742550731,8.703996384,4.061762086,0
6.468763085,1.835527028,8.824216402,0
2.403921202,1.023390681,2.833148915,1
8.83766447,6.816025447,2.299184467,0
5.903069691,6.16070076,6.355434721,0
3.600345135,1.102836272,3.068301578,1
0.829568501,9.30552239,1.648659716,0
6.148178715,3.376431135,2.043449374,0
3.156559395,2.683087853,2.719074932,1
7.934171394,3.610526569,1.094699449,0
8.993532757,7.598480279,6.788088881,0
2.243169667,2.282572563,9.25841363,1
6.52580448,2.039070129,7.821009052,0
6.79485163,4.351132082,4.581449194,0
5.362060054,2.905059834,2.705903837,0
1.805006024,9.077431745,1.570435678,1
3.349644359,8.970520855,1.598583824,0
7.445402477,3.410998082,1.525428813,1
1.453663986,8.547278444,4.934867339,0
6.128869567,3.741290813,5.330347255,0
6.765724065,8.289314993,1.475818715,0
3.318855581,6.593926822,1.068593061,0
7.882462187,5.774412662,2.620018897,0
3.463924275,1.313577194,2.75488944,1
6.806735897,1.066511148,6.319249634,1
0.124251136,2.383675326,2.188646112,1
7.50577015,6.281913242,6.78322075,0
2.101147006,7.478017712,3.725220701,0
0.322038132,4.849760987,1.615923824,1
8.74260781,3.2645688,3.443458789,0
8.283601004,5.358725506,0.156463633,0
4.799807654,1.024236198,1.136968774,1
8.162272292,3.78944929,8.294744582,0
4.391720786,3.20311378,9.893702169,1
5.706811441,8.70842959,7.600272727,0
9.102635108,9.092667299,1.1988182,1
2.081237915,1.950831736,1.231747212,1
2.75051553,4.926286998,3.177880864,0
3.838777517,2.747268834,3.040488468,1
4.452151719,6.695304947,6.703159099,0
5.892570009,3.04333029,0.660048761,0
9.403939569,8.203774136,1.379063161,0
7.690527486,0.783708381,8.91327672,0
9.298621401,3.874047322,9.1320209,1
3.495311363,9.566165041,1.420139024,0
3.301798114,9.072550854,3.635208435,0
0.132208193,0.529933076,6.586008403,1
6.411931326,3.690825927,9.714694933,0
3.569994039,3.024728838,7.97518569,1
6.051681779,5.68001912,5.581046403,0
8.324706037,9.05126341,4.571218655,0
5.479229006,3.621342671,7.319642749,1
5.97566276,9.097236511,6.073044085,0
2.71691783,4.963281901,6.504822563,1
8.799645732,3.433999143,7.418857922,0
7.504186693,0.730777924,9.083258973,0
6.918951214,3.133147602,2.755869149,0
9.071954391,7.777348334,3.451258088,0
7.513336426,0.590313195,9.579162884,0
2.218344985,8.479370498,8.010935757,0
0.394482553,6.326419009,3.87436158,1
8.340033131,9.578646178,3.997381246,0
9.405177583,0.362315732,0.416070335,1
2.439937851,4.742907751,2.210293443,1
9.760118114,6.233264114,9.000135085,0
3.824691817,4.411606834,8.503986035,0
5.611584949,3.489058228,8.15413007,0
0.599126122,6.130916805,3.84721498,1
0.801269164,1.377730245,2.802004466,1
2.79418149,3.769682533,4.165429997,1
8.592418909,8.259372824,7.413774658,0
1.809918809,7.325888957,9.668717966,0
7.911287173,8.864594429,1.295152902,0
1.093841783,4.733422503,9.055676409,1
4.733309012,7.941078453,1.444759248,0
8.938743596,9.514128874,0.372937587,0
6.160730989,6.65231576,4.506346143,0
8.697641678,1.65218888,8.260263462,0
9.416457152,1.138956532,7.805374643,0
6.757525475,7.770956375,0.675827633,0
4.824725436,5.741779484,2.129583979,0
6.246527895,9.263722043,1.127452546,0
0.411709533,5.512598326,1.34142483,1
2.704360802,1.640704149,5.468719931,1
0.670740064,9.451439666,4.702229008,0
5.621160768,7.533167848,5.354704966,0
9.09804424,4.005752964,2.61312574,0
7.901083621,8.655514429,7.92047498,0
5.248081571,3.522379079,5.398206681,0
9.368165155,6.863255374,6.144296386,0
7.520732449,3.226655026,1.092277252,0
9.378447849,7.849591187,2.948315595,0
3.558863959,3.716215947,9.070080967,1
1.086136791,9.062689996,6.791716281,1
9.127909072,7.308269449,6.627530075,0
6.283604509,3.393155388,6.292334247,0
1.909565475,5.955796205,3.987798629,1
1.364785905,5.675643249,2.605620232,1
8.629558626,3.008538148,8.966424144,0
7.393319087,1.900023993,2.248907065,0
6.45415121,8.332306113,3.691607784,0
0.062186152,2.843464867,7.781727001,1
2.446185265,6.098755064,7.986757857,0
8.971371928,9.956972563,9.54081386,0
5.172662061,2.827369744,9.711522055,0
3.455972891,3.223034012,5.530298278,1
7.309821888,1.874033821,6.999423959,0
7.586834384,2.41375598,7.610752118,0
9.648239822,7.476558127,9.390639809,0
8.426870181,2.405314711,4.70904541,0
3.047555662,2.1574314,0.24705362,1
0.174380922,4.708305825,2.384781009,1
5.835592949,3.471626418,6.956324316,0
0.227927982,0.593979751,5.588404676,1
6.712363712,4.237284452,6.483872789,0
8.634605131,2.5702636,4.672090326,0
9.057950154,0.241732698,6.170096867,0
5.988312837,3.333637725,1.769366122,0
3.173212975,6.237894328,4.473462483,1
7.176435321,1.884556664,0.344268399,0
4.319503218,3.954372522,8.005810321,0
5.664248138,0.694230906,0.154995034,1
3.486418418,2.228548685,8.689904386,1
1.011277509,3.869681378,6.254085444,1
8.531762278,2.550604756,1.60257591,0
4.217889508,6.006129844,8.314470878,0
1.974672683,5.373689684,7.119652237,1
8.832146976,2.628717887,8.751640505,0
3.274933606,5.236212184,6.953132968,0
0.804940517,7.434088064,2.292145572,0
1.853152853,1.927438677,1.48851356,0
4.36590778,9.693573776,2.701327755,0
0.610436753,7.21261749,7.229635744,1
7.436317818,4.190563205,7.634507399,0
6.368292865,5.117495242,1.03404165,0
8.68840434,0.932295874,8.191045212,0
3.923471739,4.529223307,3.615372684,0
7.195849809,2.554242552,7.329376866,0
4.965719954,0.448936385,1.117511718,0
3.363768112,7.679893455,6.346894659,1
2.785741387,0.879427495,8.97070059,1
1.821158823,7.714068241,1.97746385,0
8.136643333,2.087440796,2.869331829,0
5.644266009,4.449740173,3.011508337,1
0.413651,4.579741958,9.759039914,0
8.704178387,5.849211049,7.214978147,0
8.934542868,8.258773002,1.522919347,0
5.88808972,9.04240961,7.618045135,0
5.704733619,8.30214375,7.467037452,0
6.499776333,6.416635592,9.891415484,1
0.961868041,8.619299512,2.253781337,0
5.166773909,4.999827266,5.416846411,1
6.860547558,9.550838003,0.893295337,0
0.486197778,7.061647149,4.549918265,1
4.301383054,5.99624039,1.190140813,0
6.999551049,4.704124382,1.318825793,0
6.091422013,5.968863121,2.317980479,0
5.276914563,6.691194327,6.332754114,0
4.386400473,0.952317004,4.818568745,1
1.819523202,1.650633996,2.989743726,1
1.067099371,2.096189704,8.792353758,1
6.003052024,8.087201125,6.515523249,0
1.047210183,6.764476964,6.041532408,1
7.53006615,4.892932898,5.607263409,0
3.370373065,2.547139578,7.57106372,0
4.355479583,7.278256422,1.869591396,0
1.094776755,3.915777768,8.966728664,0
5.26090985,9.508906137,9.080437991,0
6.077572129,9.949153473,2.749531376,0
1.218334627,7.377640143,7.917112748,0
5.232698162,2.441914471,4.155290201,1
5.47033747,6.29756242,0.473792835,0
8.14649149,8.80618886,7.694059369,0
9.8295387,8.012847562,6.289179638,0
0.008716781,7.72077289,7.823817969,0
7.902819546,5.704030187,1.393737445,0
1.527540618,4.08968133,6.873616694,1
7.402291819,0.02122884,0.601712073,1
4.057487994,0.702860097,4.902279709,1
8.252956831,4.402306505,7.165456086,0
0.545620931,0.656431954,8.931487597,1
3.045992691,6.80749186,8.490829076,0
8.32446961,6.729314069,0.70674399,0
1.46498222,9.703655953,1.718380124,0
6.719871142,7.967750676,3.392663854,0
9.059025815,0.805799332,5.868506934,1
4.325194677,9.85018837,0.813251782,0
4.425908554,8.961177688,9.839345476,0
0.555649766,9.149624505,0.57553331,0
8.776814991,9.213299323,5.925918173,0
2.252060401,9.598468966,8.676984375,0
5.536711916,8.160998436,1.278906302,0
0.189049352,8.766955787,2.386052687,1
9.35905028,7.346068433,7.851346684,0
0.523662921,5.006815074,4.044114223,1
2.712622443,2.778283707,7.637553242,1
5.547326615,2.40795139,0.603869194,1
0.992581705,0.258191727,7.814217906,1
7.127313073,9.454957044,9.246398464,0
8.383930078,0.690564035,4.142654928,0
8.705416764,8.011313746,1.225564674,0
0.576940946,8.250304026,8.349108252,0
8.588182707,6.655634732,7.10197166,0
6.408076537,5.832944189,7.458148347,0
6.952467908,2.300595172,6.25845584,0
9.063951876,9.184643904,4.501052764,0
3.16475161,3.138830546,8.568063403,1
9.376379375,7.535110705,4.435500609,0
2.14605035,8.473755188,2.862973537,0
8.679673454,5.186257548,6.348644006,0
3.050612754,2.181129087,2.982035068,1
1.799860226,8.540549977,8.854590912,0
3.904854292,1.687273111,2.822491252,1
5.623944742,4.874579143,5.355034272,0
2.898617856,9.43922969,4.788057293,0
9.718267655,5.219905158,6.801831315,0
0.402244519,2.556695749,1.422218206,1
5.223098925,8.16781538,8.228112104,0
2.938737581,3.455052534,4.184208312,1
7.198260084,6.225552826,3.267572087,0
5.755995552,1.74558142,5.468392729,1
9.009667208,6.054924428,7.526081125,0
1.235794909,8.85507599,7.814570451,0
2.279042147,4.586191232,3.097354905,1
1.90402724,1.564789964,9.915504101,1
9.362730549,3.489994943,7.353608671,0
3.488912706,6.724955492,7.901155632,1
0.076919566,7.540329156,5.685915451,1
5.46592252,2.938334955,9.500861791,0
0.308612652,2.998124414,6.693142516,1
9.061650871,6.586469993,7.835067238,0
1.113699867,9.759667942,1.812132001,0
0.108802664,0.664235136,5.566541129,1
5.154901425,8.400163181,0.115873692,0
6.285207929,9.14034249,9.416866066,0
4.369619191,6.14334247,5.879663164,0
8.951705111,6.809161123,4.884661068,0
0.879704259,1.688801924,7.836965526,1
6.209580365,6.402031911,6.468665761,0
8.81567852,0.892013987,2.582638867,1
4.967600008,8.912953146,6.226117749,0
2.67205574,4.372694699,6.347913077,1
0.358520492,3.143020334,9.715971773,0
0.897516245,6.620310024,0.178010921,1
8.299128407,7.853358275,9.944891991,0
8.505848144,8.047895656,0.496506044,0
2.496532403,0.558001069,2.241766885,1
1.100696877,2.057297636,6.833355388,1
2.030763191,6.238565491,1.064961555,0
0.23553964,5.34807351,5.543215303,1
1.031713089,4.567515307,9.681103988,1
1.895564513,8.452352548,2.667642648,0
8.099461448,6.924150059,4.190997077,0
2.605332412,9.08289003,5.176253558,0
3.391417318,9.222751192,8.752722947,0
2.809787702,7.038295507,5.213448544,0
6.375283305,3.77061058,3.279777672,0
8.139571341,0.843412218,5.264663681,0
2.785448115,7.999210733,2.361880287,0
5.467497847,8.409621796,3.008927011,1
8.875184423,5.299487431,8.379325346,0
8.781763962,7.817137144,4.217163417,0
6.972699882,0.998811858,1.444523826,1
0.082043397,7.861470245,9.612550599,1
9.104589813,8.289820052,6.436001301,1
8.502644159,6.581559975,9.6137859,0
5.650144541,2.182810646,9.496628589,1
3.511818839,1.686087691,1.180484357,1
0.758001064,6.441718605,6.231687053,1
5.666534836,3.151894569,6.869834511,0
9.084073014,6.794338744,9.31407731,0
9.802661006,4.047014335,7.841051909,0
4.317347069,2.778835891,3.060552835,1
8.424172785,5.914192296,5.395805323,0
6.789516899,1.95873265,8.826627727,0
6.553510261,4.137542307,6.916268837,0
7.154280005,4.297200824,4.922557809,0
5.890754098,5.209264578,2.300686387,0
1.754444708,2.51475134,9.486180377,1
1.411273588,2.231175857,4.491359452,1
3.133989407,1.02323677,1.321586193,1
0.483795195,3.465879137,0.512271736,1
8.413834596,4.382841354,5.998204921,0
6.14576283,9.650021319,4.972640318,0
7.437433924,5.151835508,8.289790499,0
8.336859594,8.411345706,9.939448545,0
8.855592893,2.891071344,5.324938763,0
7.966059854,6.787097355,8.196389606,0
7.234085002,8.062078038,9.781677303,0
5.83829281,9.986952279,3.971603789,0
1.811921311,6.992467057,5.132239591,0
3.841635297,0.813517832,1.671896818,1
4.80988009,9.945631708,8.162277606,0
3.187790642,9.405166846,0.256867591,0
6.242329359,8.02990096,3.770601214,0
6.990567449,6.476190687,4.782010901,0
9.679950947,8.91151998,2.150990459,1
7.439365676,4.123576225,9.755377933,0
0.945155893,4.489295679,1.486134416,1
7.866312468,7.16801394,9.178172476,0
6.90072086,4.092832741,7.823618068,0
2.955241142,5.536525042,6.325708935,0
9.552031904,2.618603441,9.417660317,0
3.069502311,7.695463832,9.263561629,0
4.983732818,7.3532793,8.669275658,0
2.42622012,0.021067138,9.013631042,1
9.302296145,9.96370959,5.705153543,1
6.073294518,7.938726489,8.346114349,0
2.853512794,6.462421355,9.553401896,1
3.274345067,9.456169272,1.151689262,0
3.40453325,8.034316005,7.130756652,0
8.504472258,4.535319961,3.490611064,0
1.857848012,8.038596529,9.169778149,0
4.803209092,4.429762096,6.806816473,0
2.423295726,1.300598691,5.293013943,1
0.933583055,0.832449734,7.602108749,1
6.882103152,1.248322619,1.889707801,0
8.934078423,3.697458619,4.854370108,0
7.653539067,7.520446171,0.415112596,0
2.394264715,6.187033317,4.967471772,0
7.090367938,6.616791405,5.621655737,0
2.237182424,3.481857585,7.436613084,1
9.727476476,5.659739805,6.41789267,0
0.86455033,2.862056213,0.367336748,1
0.392758733,9.396781913,7.908436135,1
0.468652336,4.747857164,0.818478718,1
4.611382491,0.50071438,9.629198186,1
0.011960697,9.579273787,0.161134112,0
4.81028615,3.933544791,3.456664157,0
8.24273758,4.039041312,9.5379999,0
7.263797343,9.866977846,5.702691118,1
6.355140676,5.949846108,5.551893955,0
9.095461498,8.640644938,1.887205159,0
7.031850988,1.921821152,6.318804826,0
6.625107615,7.295152111,7.802150349,0
4.95207887,6.479851163,0.731545855,0
2.297076392,1.700511744,2.83910384,1
1.973363163,2.512890482,1.210689727,1
9.247858426,5.33087574,6.643912035,0
2.693378113,3.779713202,2.676625047,1
1.903650197,7.86185236,3.365296824,0
2.289654507,8.810182517,6.915771345,0
6.383855657,7.959677865,4.109579104,0
0.605068893,4.494867349,6.205505609,1
4.255923104,9.534077812,6.291466429,0
4.712263369,1.251818484,6.222598784,1
2.43033126,0.396576555,6.891619895,1
4.334145509,7.756313481,6.867968339,0
4.250918954,0.388320842,5.81226157,1
3.661008663,6.879352275,4.231965955,0
6.381482571,4.653601753,5.136090799,0
0.567218968,2.770752874,3.677249589,1
9.95093582,0.253956099,6.216113832,1
7.197245703,6.26331436,4.123596137,0
6.480047149,2.656320571,9.837601464,0
0.994292361,7.058544981,4.083531899,0
7.519211393,8.288362653,2.122887794,0
4.595925003,8.692724822,3.36375175,0
5.747769715,0.959637838,6.716473135,1
2.857620751,6.806667878,0.398496538,0
6.591048311,2.798737005,8.509392562,0
9.402564844,4.70260676,6.414263087,1
5.85728591,6.518195326,7.309570237,0
6.0259272,2.744303351,3.916479383,0
7.044419648,5.358636003,9.27745776,0
6.526433383,8.215522992,6.764579081,0
4.572479604,8.435460479,6.770635695,0
3.836716788,2.508847978,1.509261705,1
9.988784832,1.96910667,0.709879182,0
8.55559243,6.586525665,8.381822168,0
9.13099252,7.590811915,1.477084036,0
2.752588974,5.289583375,1.111599402,1
5.746364789,7.16185836,8.724227606,0
2.787944841,2.519550096,6.61476765,1
5.114391401,0.551223963,5.683807624,1
8.197113013,5.960173913,6.981264751,0
2.048691639,2.313853904,6.472465517,1
6.507144034,8.774827227,9.691470871,0
1.38276587,2.256883916,6.970206076,0
8.443682045,7.51463056,3.299996894,0
8.567196843,0.553467001,7.712690196,0
8.08929368,7.066501807,2.227517964,0
4.58559285,7.220653957,6.155786175,0
7.218074654,0.824444949,8.98711662,0
9.221834499,9.749886067,5.74433406,0
1.128939119,9.424359125,8.74423262,0
2.186229566,3.073834431,0.241219394,1
7.205251465,4.887906059,6.238679662,0
3.958991764,3.37138009,2.437133895,1
8.422327268,7.78936526,1.469488415,1
7.174111316,9.060507199,5.354476027,0
9.498022495,2.192195504,1.665315227,0
1.523885779,8.195506023,0.177923302,0
6.947853189,6.979442612,7.219164099,0
3.526271754,3.628164804,4.319808022,1
8.095718116,0.16088376,2.152674168,0
7.850870275,5.51024391,8.218713211,1
1.152621238,2.006444024,7.400034375,1
9.027332486,9.545617854,9.626213151,0
0.729737218,8.862490867,0.636077188,0
6.281532225,3.041255438,0.282926023,0
1.197880942,6.502005901,8.313223527,1
4.849242832,6.527121128,4.969869118,0
0.126760228,7.0254706,9.2600281,1
0.796756227,7.05617918,0.848998421,1
3.614712127,2.201066997,8.792249617,1
9.850934392,8.139932747,4.392780923,0
8.340226906,1.481713832,4.024818009,0
9.439246476,4.952909932,4.641709292,0
1.078965823,8.636614366,2.302955501,0
4.07825631,4.668488918,1.342935108,1
1.372652682,2.935264144,9.342425923,1
9.801128847,8.999675028,7.921724812,0
1.864809016,6.402611359,2.159422448,0
3.49081611,5.418284154,5.081941914,0
3.880090035,8.4775058,9.697727069,0
7.088895233,2.153351709,0.180405948,0
0.335079973,2.933683804,3.821909747,1
9.790515575,4.766733695,6.204889707,0
1.201716883,4.174774936,2.577912356,0
1.915802323,7.207884327,0.745248798,0
4.37898062,8.081941526,4.86099201,0
3.50215427,6.770357175,3.791087029,1
5.099770874,6.963025251,5.98425709,0
1.885172552,6.392899126,6.77558156,0
9.700025531,6.064006104,6.717215345,0
8.858255736,9.042855746,1.999550632,0
2.52706725,0.440731081,0.533219121,1
6.05901271,7.677098777,8.900357784,0
8.790724549,5.819062549,1.126559998,0
3.720994305,5.99833727,1.783594079,0
0.213460161,8.505509149,4.718624145,0
4.866256608,3.619415308,8.391009082,0
1.0381792,8.071194972,9.319086955,0
3.858914426,0.511848313,8.975554924,1
4.868064474,1.374469798,0.78115728,1
0.776714907,0.230373749,4.613863639,1
6.06922605,7.982309304,6.372942006,0
4.796319791,6.769933977,9.634859582,0
2.256241708,0.66308538,4.274786992,1
9.993886237,2.070000216,1.585392829,0
0.935894285,3.531047347,0.529261849,1
3.427514454,3.732719605,1.152512231,1
4.027166757,2.917994518,9.737431447,1
6.887554203,4.783099898,6.937370318,0
0.606271098,6.301720254,1.307888635,1
8.325219246,4.091488785,4.62463018,0
4.028652664,7.511085968,8.488566536,0
9.724264355,4.113499656,0.793393278,0
7.910401919,0.170516176,6.752633234,0
3.514189824,4.97152944,7.503899515,0
9.43571329,0.253494138,1.679197731,0
2.3477924,9.78243325,5.390217131,0
4.398955486,4.255099856,1.448959833,0
1.210559418,1.017317279,3.18626267,1
3.440749694,3.716016281,7.10916376,1
4.403127137,5.224879553,5.655363759,0
7.281320455,1.961453857,5.551602674,0
9.546700308,0.256994984,6.061008864,0
1.414631866,5.212826995,7.287183935,1
7.55329912,3.063931689,2.986386454,0
4.604961729,7.442408202,4.004219533,0
9.552615233,8.34747497,2.664951807,0
6.725011405,8.450282177,2.334532058,0
4.227559079,0.970980181,8.109623434,1
2.212407713,0.169422933,6.015895967,1
5.782478969,1.83922511,5.143070883,1
6.074652836,1.278769096,0.904558518,1
1.566027756,2.071861595,9.865997493,1
0.534400052,0.456181171,2.268552363,1
9.148424167,8.787015549,9.39297639,0
3.008930313,2.817869169,6.406377676,1
6.588900007,1.700237079,0.141624647,0
7.350800964,4.329538035,2.506310521,0
2.204525997,2.763090112,8.421264386,1
6.125058791,6.315660917,8.219131581,0
2.205972371,6.967923775,4.092659789,0
5.205691832,7.212754841,8.578565594,0
0.504251507,4.367324676,3.608908708,1
8.723645203,7.032811612,1.35611353,0
3.607515325,1.521275866,2.563548557,1
6.915193349,6.227154458,8.997199292,0
7.168643126,5.357408356,7.220731282,0
9.049403039,6.300518209,9.502602115,0
0.190080206,8.890971239,0.341812049,0
4.522279359,5.418851361,0.652487202,1
0.569617112,6.322925276,9.562408004,1
2.915605334,6.273258375,1.783775211,0
7.778927085,8.956173529,0.693493772,0
3.416405227,4.629001695,3.53891311,0
0.971506074,3.274419013,0.182395187,1
4.183341555,6.710679916,7.70072887,0
4.644441462,5.17286708,4.840858372,0
4.031205064,2.578208045,2.694484388,1
9.216631637,8.652572189,9.024734542,1
6.109824814,6.702771408,0.03127007,0
1.582070488,9.627531983,4.104876953,0
6.208114148,2.002314861,6.847517442,0
9.008718362,6.736306178,9.376244257,0
6.690239907,6.959396665,0.347917264,0
5.954142366,7.745451236,0.189856122,0
7.183468102,0.953498842,6.425398724,0
6.543865883,9.420106213,6.976384299,0
5.808484464,7.239188023,8.178844374,0
1.575828862,8.328523803,6.545534591,0
7.653639549,8.507282132,2.131092817,1
4.576383238,6.773050465,0.241883756,0
5.693472508,7.70676888,0.290445282,0
3.626696831,9.902851088,8.013805132,0
4.636105143,3.301880746,9.884076309,0
4.157905752,6.905655507,2.556004769,0
9.531046121,6.5172265,7.794730133,0
1.919437704,2.910962382,0.674821075,1
2.993108908,7.435852657,9.622218325,0
6.317225218,3.582137121,2.281934613,0
5.744370769,7.578587474,1.420853676,0
9.961578196,4.772729373,5.088446299,0
7.677440805,2.259418579,1.863134946,0
6.920554024,8.874338296,6.989671538,0
1.581308715,2.146159876,9.549415262,1
2.926345987,1.757209524,9.668004077,1
0.015054428,9.962804897,6.820162211,0
8.105899219,0.149497132,0.324600528,0
5.573948561,3.862088326,1.68271995,0
0.191562389,3.447493755,9.949441063,1
5.440151174,9.83795173,0.637213959,0
3.397185096,5.868100074,2.72409397,0
7.197906062,2.748702507,7.120586897,0
0.096179823,6.695309233,6.74524841,1
1.045427465,9.256399287,9.210669271,1
1.287368271,5.357054648,3.746963869,1
3.892917304,4.45411326,5.959594145,0
2.266843678,4.785033915,5.931349114,1
8.137862873,4.064543598,9.995942732,1
0.250880467,6.010334935,9.612669239,1
7.753606106,0.278838202,0.583254008,0
0.231282055,3.534331754,2.785423107,1
8.788211293,1.136375473,2.456788312,0
1.9429085,3.417645172,6.806503914,1
5.611901276,6.595703925,8.521518139,0
0.153147147,6.171404181,1.473729623,1
2.44811349,5.035859051,9.285005588,1
5.062891211,4.767856555,7.232495147,0
2.545584445,2.298101276,1.765904655,1
7.588520224,8.970392094,0.334022229,0
3.408041994,2.493688558,2.628599455,1
0.977260771,9.791306717,2.536533426,0
